Copyright 1986-2022 Xilinx, Inc. All Rights Reserved. Copyright 2022-2025 Advanced Micro Devices, Inc. All Rights Reserved.
---------------------------------------------------------------------------------------------------------------------------------------------------------------------------------------------------------------------------
| Tool Version : Vivado v.2025.2 (win64) Build 6299465 Fri Nov 14 19:35:11 GMT 2025
| Date         : Fri May 15 19:04:01 2026
| Host         : CE-LAB6702 running 64-bit major release  (build 9200)
| Command      : report_timing_summary -max_paths 10 -routable_nets -report_unconstrained -file nrz_i_timing_summary_routed.rpt -pb nrz_i_timing_summary_routed.pb -rpx nrz_i_timing_summary_routed.rpx -warn_on_violation
| Design       : nrz_i
| Device       : 7a35t-cpg236
| Speed File   : -1  PRODUCTION 1.23 2018-06-13
| Design State : Routed
---------------------------------------------------------------------------------------------------------------------------------------------------------------------------------------------------------------------------

Timing Summary Report

------------------------------------------------------------------------------------------------
| Timer Settings
| --------------
------------------------------------------------------------------------------------------------

  Enable Multi Corner Analysis               :  Yes
  Enable Pessimism Removal                   :  Yes
  Pessimism Removal Resolution               :  Nearest Common Node
  Enable Input Delay Default Clock           :  No
  Enable Preset / Clear Arcs                 :  No
  Disable Flight Delays                      :  No
  Ignore I/O Paths                           :  No
  Timing Early Launch at Borrowing Latches   :  No
  Borrow Time for Max Delay Exceptions       :  Yes
  Merge Timing Exceptions                    :  Yes
  Inter-SLR Compensation                     :  Conservative

  Corner  Analyze    Analyze    
  Name    Max Paths  Min Paths  
  ------  ---------  ---------  
  Slow    Yes        Yes        
  Fast    Yes        Yes        


------------------------------------------------------------------------------------------------
| Report Methodology
| ------------------
------------------------------------------------------------------------------------------------

Rule       Severity  Description                    Violations  
---------  --------  -----------------------------  ----------  
TIMING-18  Warning   Missing input or output delay  22          

Note: This report is based on the most recent report_methodology run and may not be up-to-date. Run report_methodology on the current design for the latest report.



check_timing report

Table of Contents
-----------------
1. checking no_clock (0)
2. checking constant_clock (0)
3. checking pulse_width_clock (0)
4. checking unconstrained_internal_endpoints (0)
5. checking no_input_delay (17)
6. checking no_output_delay (5)
7. checking multiple_clock (0)
8. checking generated_clocks (0)
9. checking loops (0)
10. checking partial_input_delay (0)
11. checking partial_output_delay (0)
12. checking latch_loops (0)

1. checking no_clock (0)
------------------------
 There are 0 register/latch pins with no clock.


2. checking constant_clock (0)
------------------------------
 There are 0 register/latch pins with constant_clock.


3. checking pulse_width_clock (0)
---------------------------------
 There are 0 register/latch pins which need pulse_width check


4. checking unconstrained_internal_endpoints (0)
------------------------------------------------
 There are 0 pins that are not constrained for maximum delay.

 There are 0 pins that are not constrained for maximum delay due to constant clock.


5. checking no_input_delay (17)
-------------------------------
 There are 17 input ports with no input delay specified. (HIGH)

 There are 0 input ports with no input delay but user has a false path constraint.


6. checking no_output_delay (5)
-------------------------------
 There are 5 ports with no output delay specified. (HIGH)

 There are 0 ports with no output delay but user has a false path constraint

 There are 0 ports with no output delay but with a timing clock defined on it or propagating through it


7. checking multiple_clock (0)
------------------------------
 There are 0 register/latch pins with multiple clocks.


8. checking generated_clocks (0)
--------------------------------
 There are 0 generated clocks that are not connected to a clock source.


9. checking loops (0)
---------------------
 There are 0 combinational loops in the design.


10. checking partial_input_delay (0)
------------------------------------
 There are 0 input ports with partial input delay specified.


11. checking partial_output_delay (0)
-------------------------------------
 There are 0 ports with partial output delay specified.


12. checking latch_loops (0)
----------------------------
 There are 0 combinational latch loops in the design through latch input



------------------------------------------------------------------------------------------------
| Design Timing Summary
| ---------------------
------------------------------------------------------------------------------------------------

    WNS(ns)      TNS(ns)  TNS Failing Endpoints  TNS Total Endpoints      WHS(ns)      THS(ns)  THS Failing Endpoints  THS Total Endpoints     WPWS(ns)     TPWS(ns)  TPWS Failing Endpoints  TPWS Total Endpoints  
    -------      -------  ---------------------  -------------------      -------      -------  ---------------------  -------------------     --------     --------  ----------------------  --------------------  
      4.791        0.000                      0                   36        0.169        0.000                      0                   36        4.500        0.000                       0                    33  


All user specified timing constraints are met.


------------------------------------------------------------------------------------------------
| Clock Summary
| -------------
------------------------------------------------------------------------------------------------

Clock        Waveform(ns)       Period(ns)      Frequency(MHz)
-----        ------------       ----------      --------------
sys_clk_pin  {0.000 5.000}      10.000          100.000         


------------------------------------------------------------------------------------------------
| Intra Clock Table
| -----------------
------------------------------------------------------------------------------------------------

Clock             WNS(ns)      TNS(ns)  TNS Failing Endpoints  TNS Total Endpoints      WHS(ns)      THS(ns)  THS Failing Endpoints  THS Total Endpoints     WPWS(ns)     TPWS(ns)  TPWS Failing Endpoints  TPWS Total Endpoints  
-----             -------      -------  ---------------------  -------------------      -------      -------  ---------------------  -------------------     --------     --------  ----------------------  --------------------  
sys_clk_pin         4.791        0.000                      0                   36        0.169        0.000                      0                   36        4.500        0.000                       0                    33  


------------------------------------------------------------------------------------------------
| Inter Clock Table
| -----------------
------------------------------------------------------------------------------------------------

From Clock    To Clock          WNS(ns)      TNS(ns)  TNS Failing Endpoints  TNS Total Endpoints      WHS(ns)      THS(ns)  THS Failing Endpoints  THS Total Endpoints  
----------    --------          -------      -------  ---------------------  -------------------      -------      -------  ---------------------  -------------------  


------------------------------------------------------------------------------------------------
| Other Path Groups Table
| -----------------------
------------------------------------------------------------------------------------------------

Path Group    From Clock    To Clock          WNS(ns)      TNS(ns)  TNS Failing Endpoints  TNS Total Endpoints      WHS(ns)      THS(ns)  THS Failing Endpoints  THS Total Endpoints  
----------    ----------    --------          -------      -------  ---------------------  -------------------      -------      -------  ---------------------  -------------------  


------------------------------------------------------------------------------------------------
| User Ignored Path Table
| -----------------------
------------------------------------------------------------------------------------------------

Path Group    From Clock    To Clock    
----------    ----------    --------    


------------------------------------------------------------------------------------------------
| Unconstrained Path Table
| ------------------------
------------------------------------------------------------------------------------------------

Path Group    From Clock    To Clock    
----------    ----------    --------    
(none)        sys_clk_pin                 
(none)                      sys_clk_pin   


------------------------------------------------------------------------------------------------
| Timing Details
| --------------
------------------------------------------------------------------------------------------------


---------------------------------------------------------------------------------------------------
From Clock:  sys_clk_pin
  To Clock:  sys_clk_pin

Setup :            0  Failing Endpoints,  Worst Slack        4.791ns,  Total Violation        0.000ns
Hold  :            0  Failing Endpoints,  Worst Slack        0.169ns,  Total Violation        0.000ns
PW    :            0  Failing Endpoints,  Worst Slack        4.500ns,  Total Violation        0.000ns
---------------------------------------------------------------------------------------------------


Max Delay Paths
--------------------------------------------------------------------------------------
Slack (MET) :             4.791ns  (required time - arrival time)
  Source:                 bit_ptr_reg[1]/C
                            (rising edge-triggered cell FDPE clocked by sys_clk_pin  {rise@0.000ns fall@5.000ns period=10.000ns})
  Destination:            current_lvl_reg/D
                            (rising edge-triggered cell FDCE clocked by sys_clk_pin  {rise@0.000ns fall@5.000ns period=10.000ns})
  Path Group:             sys_clk_pin
  Path Type:              Setup (Max at Slow Process Corner)
  Requirement:            10.000ns  (sys_clk_pin rise@10.000ns - sys_clk_pin rise@0.000ns)
  Data Path Delay:        5.099ns  (logic 1.229ns (24.102%)  route 3.870ns (75.898%))
  Logic Levels:           3  (LUT6=2 MUXF7=1)
  Clock Path Skew:        -0.104ns (DCD - SCD + CPR)
    Destination Clock Delay (DCD):    4.860ns = ( 14.860 - 10.000 ) 
    Source Clock Delay      (SCD):    5.144ns
    Clock Pessimism Removal (CPR):    0.180ns
  Clock Uncertainty:      0.035ns  ((TSJ^2 + TIJ^2)^1/2 + DJ) / 2 + PE
    Total System Jitter     (TSJ):    0.071ns
    Total Input Jitter      (TIJ):    0.000ns
    Discrete Jitter          (DJ):    0.000ns
    Phase Error              (PE):    0.000ns

    Location             Delay type                Incr(ns)  Path(ns)    Netlist Resource(s)
  -------------------------------------------------------------------    -------------------
                         (clock sys_clk_pin rise edge)
                                                      0.000     0.000 r  
    W5                                                0.000     0.000 r  clk (IN)
                         net (fo=0)                   0.000     0.000    clk
    W5                   IBUF (Prop_ibuf_I_O)         1.458     1.458 r  clk_IBUF_inst/O
                         net (fo=1, routed)           1.967     3.425    clk_IBUF
    BUFGCTRL_X0Y0        BUFG (Prop_bufg_I_O)         0.096     3.521 r  clk_IBUF_BUFG_inst/O
                         net (fo=32, routed)          1.623     5.144    clk_IBUF_BUFG
    SLICE_X62Y61         FDPE                                         r  bit_ptr_reg[1]/C
  -------------------------------------------------------------------    -------------------
    SLICE_X62Y61         FDPE (Prop_fdpe_C_Q)         0.419     5.563 r  bit_ptr_reg[1]/Q
                         net (fo=8, routed)           2.447     8.010    bit_idx_OBUF[1]
    SLICE_X38Y45         LUT6 (Prop_lut6_I2_O)        0.299     8.309 r  current_lvl_i_13/O
                         net (fo=1, routed)           0.000     8.309    current_lvl_i_13_n_0
    SLICE_X38Y45         MUXF7 (Prop_muxf7_I1_O)      0.214     8.523 r  current_lvl_reg_i_5/O
                         net (fo=1, routed)           1.423     9.946    current_lvl_reg_i_5_n_0
    SLICE_X63Y45         LUT6 (Prop_lut6_I5_O)        0.297    10.243 r  current_lvl_i_1/O
                         net (fo=1, routed)           0.000    10.243    current_lvl
    SLICE_X63Y45         FDCE                                         r  current_lvl_reg/D
  -------------------------------------------------------------------    -------------------

                         (clock sys_clk_pin rise edge)
                                                     10.000    10.000 r  
    W5                                                0.000    10.000 r  clk (IN)
                         net (fo=0)                   0.000    10.000    clk
    W5                   IBUF (Prop_ibuf_I_O)         1.388    11.388 r  clk_IBUF_inst/O
                         net (fo=1, routed)           1.862    13.250    clk_IBUF
    BUFGCTRL_X0Y0        BUFG (Prop_bufg_I_O)         0.091    13.341 r  clk_IBUF_BUFG_inst/O
                         net (fo=32, routed)          1.519    14.860    clk_IBUF_BUFG
    SLICE_X63Y45         FDCE                                         r  current_lvl_reg/C
                         clock pessimism              0.180    15.040    
                         clock uncertainty           -0.035    15.005    
    SLICE_X63Y45         FDCE (Setup_fdce_C_D)        0.029    15.034    current_lvl_reg
  -------------------------------------------------------------------
                         required time                         15.034    
                         arrival time                         -10.243    
  -------------------------------------------------------------------
                         slack                                  4.791    

Slack (MET) :             5.516ns  (required time - arrival time)
  Source:                 tick_counter_reg[10]/C
                            (rising edge-triggered cell FDCE clocked by sys_clk_pin  {rise@0.000ns fall@5.000ns period=10.000ns})
  Destination:            tick_counter_reg[25]/D
                            (rising edge-triggered cell FDCE clocked by sys_clk_pin  {rise@0.000ns fall@5.000ns period=10.000ns})
  Path Group:             sys_clk_pin
  Path Type:              Setup (Max at Slow Process Corner)
  Requirement:            10.000ns  (sys_clk_pin rise@10.000ns - sys_clk_pin rise@0.000ns)
  Data Path Delay:        4.476ns  (logic 2.133ns (47.658%)  route 2.343ns (52.342%))
  Logic Levels:           10  (CARRY4=7 LUT5=2 LUT6=1)
  Clock Path Skew:        -0.035ns (DCD - SCD + CPR)
    Destination Clock Delay (DCD):    4.836ns = ( 14.836 - 10.000 ) 
    Source Clock Delay      (SCD):    5.129ns
    Clock Pessimism Removal (CPR):    0.258ns
  Clock Uncertainty:      0.035ns  ((TSJ^2 + TIJ^2)^1/2 + DJ) / 2 + PE
    Total System Jitter     (TSJ):    0.071ns
    Total Input Jitter      (TIJ):    0.000ns
    Discrete Jitter          (DJ):    0.000ns
    Phase Error              (PE):    0.000ns

    Location             Delay type                Incr(ns)  Path(ns)    Netlist Resource(s)
  -------------------------------------------------------------------    -------------------
                         (clock sys_clk_pin rise edge)
                                                      0.000     0.000 r  
    W5                                                0.000     0.000 r  clk (IN)
                         net (fo=0)                   0.000     0.000    clk
    W5                   IBUF (Prop_ibuf_I_O)         1.458     1.458 r  clk_IBUF_inst/O
                         net (fo=1, routed)           1.967     3.425    clk_IBUF
    BUFGCTRL_X0Y0        BUFG (Prop_bufg_I_O)         0.096     3.521 r  clk_IBUF_BUFG_inst/O
                         net (fo=32, routed)          1.608     5.129    clk_IBUF_BUFG
    SLICE_X62Y73         FDCE                                         r  tick_counter_reg[10]/C
  -------------------------------------------------------------------    -------------------
    SLICE_X62Y73         FDCE (Prop_fdce_C_Q)         0.456     5.585 f  tick_counter_reg[10]/Q
                         net (fo=3, routed)           0.860     6.445    tick_counter_reg[10]
    SLICE_X63Y73         LUT5 (Prop_lut5_I3_O)        0.124     6.569 f  tick_counter[0]_i_8/O
                         net (fo=1, routed)           0.665     7.234    tick_counter[0]_i_8_n_0
    SLICE_X63Y73         LUT6 (Prop_lut6_I1_O)        0.124     7.358 f  tick_counter[0]_i_7/O
                         net (fo=24, routed)          0.809     8.166    tick_counter[0]_i_7_n_0
    SLICE_X62Y71         LUT5 (Prop_lut5_I1_O)        0.124     8.290 r  tick_counter[0]_i_3/O
                         net (fo=1, routed)           0.000     8.290    tick_counter[0]_i_3_n_0
    SLICE_X62Y71         CARRY4 (Prop_carry4_S[3]_CO[3])
                                                      0.401     8.691 r  tick_counter_reg[0]_i_1/CO[3]
                         net (fo=1, routed)           0.000     8.691    tick_counter_reg[0]_i_1_n_0
    SLICE_X62Y72         CARRY4 (Prop_carry4_CI_CO[3])
                                                      0.114     8.805 r  tick_counter_reg[4]_i_1/CO[3]
                         net (fo=1, routed)           0.000     8.805    tick_counter_reg[4]_i_1_n_0
    SLICE_X62Y73         CARRY4 (Prop_carry4_CI_CO[3])
                                                      0.114     8.919 r  tick_counter_reg[8]_i_1/CO[3]
                         net (fo=1, routed)           0.000     8.919    tick_counter_reg[8]_i_1_n_0
    SLICE_X62Y74         CARRY4 (Prop_carry4_CI_CO[3])
                                                      0.114     9.033 r  tick_counter_reg[12]_i_1/CO[3]
                         net (fo=1, routed)           0.009     9.043    tick_counter_reg[12]_i_1_n_0
    SLICE_X62Y75         CARRY4 (Prop_carry4_CI_CO[3])
                                                      0.114     9.157 r  tick_counter_reg[16]_i_1/CO[3]
                         net (fo=1, routed)           0.000     9.157    tick_counter_reg[16]_i_1_n_0
    SLICE_X62Y76         CARRY4 (Prop_carry4_CI_CO[3])
                                                      0.114     9.271 r  tick_counter_reg[20]_i_1/CO[3]
                         net (fo=1, routed)           0.000     9.271    tick_counter_reg[20]_i_1_n_0
    SLICE_X62Y77         CARRY4 (Prop_carry4_CI_O[1])
                                                      0.334     9.605 r  tick_counter_reg[24]_i_1/O[1]
                         net (fo=1, routed)           0.000     9.605    tick_counter_reg[24]_i_1_n_6
    SLICE_X62Y77         FDCE                                         r  tick_counter_reg[25]/D
  -------------------------------------------------------------------    -------------------

                         (clock sys_clk_pin rise edge)
                                                     10.000    10.000 r  
    W5                                                0.000    10.000 r  clk (IN)
                         net (fo=0)                   0.000    10.000    clk
    W5                   IBUF (Prop_ibuf_I_O)         1.388    11.388 r  clk_IBUF_inst/O
                         net (fo=1, routed)           1.862    13.250    clk_IBUF
    BUFGCTRL_X0Y0        BUFG (Prop_bufg_I_O)         0.091    13.341 r  clk_IBUF_BUFG_inst/O
                         net (fo=32, routed)          1.495    14.836    clk_IBUF_BUFG
    SLICE_X62Y77         FDCE                                         r  tick_counter_reg[25]/C
                         clock pessimism              0.258    15.094    
                         clock uncertainty           -0.035    15.059    
    SLICE_X62Y77         FDCE (Setup_fdce_C_D)        0.062    15.121    tick_counter_reg[25]
  -------------------------------------------------------------------
                         required time                         15.121    
                         arrival time                          -9.605    
  -------------------------------------------------------------------
                         slack                                  5.516    

Slack (MET) :             5.611ns  (required time - arrival time)
  Source:                 tick_counter_reg[10]/C
                            (rising edge-triggered cell FDCE clocked by sys_clk_pin  {rise@0.000ns fall@5.000ns period=10.000ns})
  Destination:            tick_counter_reg[26]/D
                            (rising edge-triggered cell FDCE clocked by sys_clk_pin  {rise@0.000ns fall@5.000ns period=10.000ns})
  Path Group:             sys_clk_pin
  Path Type:              Setup (Max at Slow Process Corner)
  Requirement:            10.000ns  (sys_clk_pin rise@10.000ns - sys_clk_pin rise@0.000ns)
  Data Path Delay:        4.381ns  (logic 2.038ns (46.523%)  route 2.343ns (53.477%))
  Logic Levels:           10  (CARRY4=7 LUT5=2 LUT6=1)
  Clock Path Skew:        -0.035ns (DCD - SCD + CPR)
    Destination Clock Delay (DCD):    4.836ns = ( 14.836 - 10.000 ) 
    Source Clock Delay      (SCD):    5.129ns
    Clock Pessimism Removal (CPR):    0.258ns
  Clock Uncertainty:      0.035ns  ((TSJ^2 + TIJ^2)^1/2 + DJ) / 2 + PE
    Total System Jitter     (TSJ):    0.071ns
    Total Input Jitter      (TIJ):    0.000ns
    Discrete Jitter          (DJ):    0.000ns
    Phase Error              (PE):    0.000ns

    Location             Delay type                Incr(ns)  Path(ns)    Netlist Resource(s)
  -------------------------------------------------------------------    -------------------
                         (clock sys_clk_pin rise edge)
                                                      0.000     0.000 r  
    W5                                                0.000     0.000 r  clk (IN)
                         net (fo=0)                   0.000     0.000    clk
    W5                   IBUF (Prop_ibuf_I_O)         1.458     1.458 r  clk_IBUF_inst/O
                         net (fo=1, routed)           1.967     3.425    clk_IBUF
    BUFGCTRL_X0Y0        BUFG (Prop_bufg_I_O)         0.096     3.521 r  clk_IBUF_BUFG_inst/O
                         net (fo=32, routed)          1.608     5.129    clk_IBUF_BUFG
    SLICE_X62Y73         FDCE                                         r  tick_counter_reg[10]/C
  -------------------------------------------------------------------    -------------------
    SLICE_X62Y73         FDCE (Prop_fdce_C_Q)         0.456     5.585 f  tick_counter_reg[10]/Q
                         net (fo=3, routed)           0.860     6.445    tick_counter_reg[10]
    SLICE_X63Y73         LUT5 (Prop_lut5_I3_O)        0.124     6.569 f  tick_counter[0]_i_8/O
                         net (fo=1, routed)           0.665     7.234    tick_counter[0]_i_8_n_0
    SLICE_X63Y73         LUT6 (Prop_lut6_I1_O)        0.124     7.358 f  tick_counter[0]_i_7/O
                         net (fo=24, routed)          0.809     8.166    tick_counter[0]_i_7_n_0
    SLICE_X62Y71         LUT5 (Prop_lut5_I1_O)        0.124     8.290 r  tick_counter[0]_i_3/O
                         net (fo=1, routed)           0.000     8.290    tick_counter[0]_i_3_n_0
    SLICE_X62Y71         CARRY4 (Prop_carry4_S[3]_CO[3])
                                                      0.401     8.691 r  tick_counter_reg[0]_i_1/CO[3]
                         net (fo=1, routed)           0.000     8.691    tick_counter_reg[0]_i_1_n_0
    SLICE_X62Y72         CARRY4 (Prop_carry4_CI_CO[3])
                                                      0.114     8.805 r  tick_counter_reg[4]_i_1/CO[3]
                         net (fo=1, routed)           0.000     8.805    tick_counter_reg[4]_i_1_n_0
    SLICE_X62Y73         CARRY4 (Prop_carry4_CI_CO[3])
                                                      0.114     8.919 r  tick_counter_reg[8]_i_1/CO[3]
                         net (fo=1, routed)           0.000     8.919    tick_counter_reg[8]_i_1_n_0
    SLICE_X62Y74         CARRY4 (Prop_carry4_CI_CO[3])
                                                      0.114     9.033 r  tick_counter_reg[12]_i_1/CO[3]
                         net (fo=1, routed)           0.009     9.043    tick_counter_reg[12]_i_1_n_0
    SLICE_X62Y75         CARRY4 (Prop_carry4_CI_CO[3])
                                                      0.114     9.157 r  tick_counter_reg[16]_i_1/CO[3]
                         net (fo=1, routed)           0.000     9.157    tick_counter_reg[16]_i_1_n_0
    SLICE_X62Y76         CARRY4 (Prop_carry4_CI_CO[3])
                                                      0.114     9.271 r  tick_counter_reg[20]_i_1/CO[3]
                         net (fo=1, routed)           0.000     9.271    tick_counter_reg[20]_i_1_n_0
    SLICE_X62Y77         CARRY4 (Prop_carry4_CI_O[2])
                                                      0.239     9.510 r  tick_counter_reg[24]_i_1/O[2]
                         net (fo=1, routed)           0.000     9.510    tick_counter_reg[24]_i_1_n_5
    SLICE_X62Y77         FDCE                                         r  tick_counter_reg[26]/D
  -------------------------------------------------------------------    -------------------

                         (clock sys_clk_pin rise edge)
                                                     10.000    10.000 r  
    W5                                                0.000    10.000 r  clk (IN)
                         net (fo=0)                   0.000    10.000    clk
    W5                   IBUF (Prop_ibuf_I_O)         1.388    11.388 r  clk_IBUF_inst/O
                         net (fo=1, routed)           1.862    13.250    clk_IBUF
    BUFGCTRL_X0Y0        BUFG (Prop_bufg_I_O)         0.091    13.341 r  clk_IBUF_BUFG_inst/O
                         net (fo=32, routed)          1.495    14.836    clk_IBUF_BUFG
    SLICE_X62Y77         FDCE                                         r  tick_counter_reg[26]/C
                         clock pessimism              0.258    15.094    
                         clock uncertainty           -0.035    15.059    
    SLICE_X62Y77         FDCE (Setup_fdce_C_D)        0.062    15.121    tick_counter_reg[26]
  -------------------------------------------------------------------
                         required time                         15.121    
                         arrival time                          -9.510    
  -------------------------------------------------------------------
                         slack                                  5.611    

Slack (MET) :             5.627ns  (required time - arrival time)
  Source:                 tick_counter_reg[10]/C
                            (rising edge-triggered cell FDCE clocked by sys_clk_pin  {rise@0.000ns fall@5.000ns period=10.000ns})
  Destination:            tick_counter_reg[24]/D
                            (rising edge-triggered cell FDCE clocked by sys_clk_pin  {rise@0.000ns fall@5.000ns period=10.000ns})
  Path Group:             sys_clk_pin
  Path Type:              Setup (Max at Slow Process Corner)
  Requirement:            10.000ns  (sys_clk_pin rise@10.000ns - sys_clk_pin rise@0.000ns)
  Data Path Delay:        4.365ns  (logic 2.022ns (46.327%)  route 2.343ns (53.673%))
  Logic Levels:           10  (CARRY4=7 LUT5=2 LUT6=1)
  Clock Path Skew:        -0.035ns (DCD - SCD + CPR)
    Destination Clock Delay (DCD):    4.836ns = ( 14.836 - 10.000 ) 
    Source Clock Delay      (SCD):    5.129ns
    Clock Pessimism Removal (CPR):    0.258ns
  Clock Uncertainty:      0.035ns  ((TSJ^2 + TIJ^2)^1/2 + DJ) / 2 + PE
    Total System Jitter     (TSJ):    0.071ns
    Total Input Jitter      (TIJ):    0.000ns
    Discrete Jitter          (DJ):    0.000ns
    Phase Error              (PE):    0.000ns

    Location             Delay type                Incr(ns)  Path(ns)    Netlist Resource(s)
  -------------------------------------------------------------------    -------------------
                         (clock sys_clk_pin rise edge)
                                                      0.000     0.000 r  
    W5                                                0.000     0.000 r  clk (IN)
                         net (fo=0)                   0.000     0.000    clk
    W5                   IBUF (Prop_ibuf_I_O)         1.458     1.458 r  clk_IBUF_inst/O
                         net (fo=1, routed)           1.967     3.425    clk_IBUF
    BUFGCTRL_X0Y0        BUFG (Prop_bufg_I_O)         0.096     3.521 r  clk_IBUF_BUFG_inst/O
                         net (fo=32, routed)          1.608     5.129    clk_IBUF_BUFG
    SLICE_X62Y73         FDCE                                         r  tick_counter_reg[10]/C
  -------------------------------------------------------------------    -------------------
    SLICE_X62Y73         FDCE (Prop_fdce_C_Q)         0.456     5.585 f  tick_counter_reg[10]/Q
                         net (fo=3, routed)           0.860     6.445    tick_counter_reg[10]
    SLICE_X63Y73         LUT5 (Prop_lut5_I3_O)        0.124     6.569 f  tick_counter[0]_i_8/O
                         net (fo=1, routed)           0.665     7.234    tick_counter[0]_i_8_n_0
    SLICE_X63Y73         LUT6 (Prop_lut6_I1_O)        0.124     7.358 f  tick_counter[0]_i_7/O
                         net (fo=24, routed)          0.809     8.166    tick_counter[0]_i_7_n_0
    SLICE_X62Y71         LUT5 (Prop_lut5_I1_O)        0.124     8.290 r  tick_counter[0]_i_3/O
                         net (fo=1, routed)           0.000     8.290    tick_counter[0]_i_3_n_0
    SLICE_X62Y71         CARRY4 (Prop_carry4_S[3]_CO[3])
                                                      0.401     8.691 r  tick_counter_reg[0]_i_1/CO[3]
                         net (fo=1, routed)           0.000     8.691    tick_counter_reg[0]_i_1_n_0
    SLICE_X62Y72         CARRY4 (Prop_carry4_CI_CO[3])
                                                      0.114     8.805 r  tick_counter_reg[4]_i_1/CO[3]
                         net (fo=1, routed)           0.000     8.805    tick_counter_reg[4]_i_1_n_0
    SLICE_X62Y73         CARRY4 (Prop_carry4_CI_CO[3])
                                                      0.114     8.919 r  tick_counter_reg[8]_i_1/CO[3]
                         net (fo=1, routed)           0.000     8.919    tick_counter_reg[8]_i_1_n_0
    SLICE_X62Y74         CARRY4 (Prop_carry4_CI_CO[3])
                                                      0.114     9.033 r  tick_counter_reg[12]_i_1/CO[3]
                         net (fo=1, routed)           0.009     9.043    tick_counter_reg[12]_i_1_n_0
    SLICE_X62Y75         CARRY4 (Prop_carry4_CI_CO[3])
                                                      0.114     9.157 r  tick_counter_reg[16]_i_1/CO[3]
                         net (fo=1, routed)           0.000     9.157    tick_counter_reg[16]_i_1_n_0
    SLICE_X62Y76         CARRY4 (Prop_carry4_CI_CO[3])
                                                      0.114     9.271 r  tick_counter_reg[20]_i_1/CO[3]
                         net (fo=1, routed)           0.000     9.271    tick_counter_reg[20]_i_1_n_0
    SLICE_X62Y77         CARRY4 (Prop_carry4_CI_O[0])
                                                      0.223     9.494 r  tick_counter_reg[24]_i_1/O[0]
                         net (fo=1, routed)           0.000     9.494    tick_counter_reg[24]_i_1_n_7
    SLICE_X62Y77         FDCE                                         r  tick_counter_reg[24]/D
  -------------------------------------------------------------------    -------------------

                         (clock sys_clk_pin rise edge)
                                                     10.000    10.000 r  
    W5                                                0.000    10.000 r  clk (IN)
                         net (fo=0)                   0.000    10.000    clk
    W5                   IBUF (Prop_ibuf_I_O)         1.388    11.388 r  clk_IBUF_inst/O
                         net (fo=1, routed)           1.862    13.250    clk_IBUF
    BUFGCTRL_X0Y0        BUFG (Prop_bufg_I_O)         0.091    13.341 r  clk_IBUF_BUFG_inst/O
                         net (fo=32, routed)          1.495    14.836    clk_IBUF_BUFG
    SLICE_X62Y77         FDCE                                         r  tick_counter_reg[24]/C
                         clock pessimism              0.258    15.094    
                         clock uncertainty           -0.035    15.059    
    SLICE_X62Y77         FDCE (Setup_fdce_C_D)        0.062    15.121    tick_counter_reg[24]
  -------------------------------------------------------------------
                         required time                         15.121    
                         arrival time                          -9.494    
  -------------------------------------------------------------------
                         slack                                  5.627    

Slack (MET) :             5.629ns  (required time - arrival time)
  Source:                 tick_counter_reg[10]/C
                            (rising edge-triggered cell FDCE clocked by sys_clk_pin  {rise@0.000ns fall@5.000ns period=10.000ns})
  Destination:            tick_counter_reg[21]/D
                            (rising edge-triggered cell FDCE clocked by sys_clk_pin  {rise@0.000ns fall@5.000ns period=10.000ns})
  Path Group:             sys_clk_pin
  Path Type:              Setup (Max at Slow Process Corner)
  Requirement:            10.000ns  (sys_clk_pin rise@10.000ns - sys_clk_pin rise@0.000ns)
  Data Path Delay:        4.362ns  (logic 2.019ns (46.290%)  route 2.343ns (53.710%))
  Logic Levels:           9  (CARRY4=6 LUT5=2 LUT6=1)
  Clock Path Skew:        -0.036ns (DCD - SCD + CPR)
    Destination Clock Delay (DCD):    4.835ns = ( 14.835 - 10.000 ) 
    Source Clock Delay      (SCD):    5.129ns
    Clock Pessimism Removal (CPR):    0.258ns
  Clock Uncertainty:      0.035ns  ((TSJ^2 + TIJ^2)^1/2 + DJ) / 2 + PE
    Total System Jitter     (TSJ):    0.071ns
    Total Input Jitter      (TIJ):    0.000ns
    Discrete Jitter          (DJ):    0.000ns
    Phase Error              (PE):    0.000ns

    Location             Delay type                Incr(ns)  Path(ns)    Netlist Resource(s)
  -------------------------------------------------------------------    -------------------
                         (clock sys_clk_pin rise edge)
                                                      0.000     0.000 r  
    W5                                                0.000     0.000 r  clk (IN)
                         net (fo=0)                   0.000     0.000    clk
    W5                   IBUF (Prop_ibuf_I_O)         1.458     1.458 r  clk_IBUF_inst/O
                         net (fo=1, routed)           1.967     3.425    clk_IBUF
    BUFGCTRL_X0Y0        BUFG (Prop_bufg_I_O)         0.096     3.521 r  clk_IBUF_BUFG_inst/O
                         net (fo=32, routed)          1.608     5.129    clk_IBUF_BUFG
    SLICE_X62Y73         FDCE                                         r  tick_counter_reg[10]/C
  -------------------------------------------------------------------    -------------------
    SLICE_X62Y73         FDCE (Prop_fdce_C_Q)         0.456     5.585 f  tick_counter_reg[10]/Q
                         net (fo=3, routed)           0.860     6.445    tick_counter_reg[10]
    SLICE_X63Y73         LUT5 (Prop_lut5_I3_O)        0.124     6.569 f  tick_counter[0]_i_8/O
                         net (fo=1, routed)           0.665     7.234    tick_counter[0]_i_8_n_0
    SLICE_X63Y73         LUT6 (Prop_lut6_I1_O)        0.124     7.358 f  tick_counter[0]_i_7/O
                         net (fo=24, routed)          0.809     8.166    tick_counter[0]_i_7_n_0
    SLICE_X62Y71         LUT5 (Prop_lut5_I1_O)        0.124     8.290 r  tick_counter[0]_i_3/O
                         net (fo=1, routed)           0.000     8.290    tick_counter[0]_i_3_n_0
    SLICE_X62Y71         CARRY4 (Prop_carry4_S[3]_CO[3])
                                                      0.401     8.691 r  tick_counter_reg[0]_i_1/CO[3]
                         net (fo=1, routed)           0.000     8.691    tick_counter_reg[0]_i_1_n_0
    SLICE_X62Y72         CARRY4 (Prop_carry4_CI_CO[3])
                                                      0.114     8.805 r  tick_counter_reg[4]_i_1/CO[3]
                         net (fo=1, routed)           0.000     8.805    tick_counter_reg[4]_i_1_n_0
    SLICE_X62Y73         CARRY4 (Prop_carry4_CI_CO[3])
                                                      0.114     8.919 r  tick_counter_reg[8]_i_1/CO[3]
                         net (fo=1, routed)           0.000     8.919    tick_counter_reg[8]_i_1_n_0
    SLICE_X62Y74         CARRY4 (Prop_carry4_CI_CO[3])
                                                      0.114     9.033 r  tick_counter_reg[12]_i_1/CO[3]
                         net (fo=1, routed)           0.009     9.043    tick_counter_reg[12]_i_1_n_0
    SLICE_X62Y75         CARRY4 (Prop_carry4_CI_CO[3])
                                                      0.114     9.157 r  tick_counter_reg[16]_i_1/CO[3]
                         net (fo=1, routed)           0.000     9.157    tick_counter_reg[16]_i_1_n_0
    SLICE_X62Y76         CARRY4 (Prop_carry4_CI_O[1])
                                                      0.334     9.491 r  tick_counter_reg[20]_i_1/O[1]
                         net (fo=1, routed)           0.000     9.491    tick_counter_reg[20]_i_1_n_6
    SLICE_X62Y76         FDCE                                         r  tick_counter_reg[21]/D
  -------------------------------------------------------------------    -------------------

                         (clock sys_clk_pin rise edge)
                                                     10.000    10.000 r  
    W5                                                0.000    10.000 r  clk (IN)
                         net (fo=0)                   0.000    10.000    clk
    W5                   IBUF (Prop_ibuf_I_O)         1.388    11.388 r  clk_IBUF_inst/O
                         net (fo=1, routed)           1.862    13.250    clk_IBUF
    BUFGCTRL_X0Y0        BUFG (Prop_bufg_I_O)         0.091    13.341 r  clk_IBUF_BUFG_inst/O
                         net (fo=32, routed)          1.494    14.835    clk_IBUF_BUFG
    SLICE_X62Y76         FDCE                                         r  tick_counter_reg[21]/C
                         clock pessimism              0.258    15.093    
                         clock uncertainty           -0.035    15.058    
    SLICE_X62Y76         FDCE (Setup_fdce_C_D)        0.062    15.120    tick_counter_reg[21]
  -------------------------------------------------------------------
                         required time                         15.120    
                         arrival time                          -9.491    
  -------------------------------------------------------------------
                         slack                                  5.629    

Slack (MET) :             5.650ns  (required time - arrival time)
  Source:                 tick_counter_reg[10]/C
                            (rising edge-triggered cell FDCE clocked by sys_clk_pin  {rise@0.000ns fall@5.000ns period=10.000ns})
  Destination:            tick_counter_reg[23]/D
                            (rising edge-triggered cell FDCE clocked by sys_clk_pin  {rise@0.000ns fall@5.000ns period=10.000ns})
  Path Group:             sys_clk_pin
  Path Type:              Setup (Max at Slow Process Corner)
  Requirement:            10.000ns  (sys_clk_pin rise@10.000ns - sys_clk_pin rise@0.000ns)
  Data Path Delay:        4.341ns  (logic 1.998ns (46.030%)  route 2.343ns (53.970%))
  Logic Levels:           9  (CARRY4=6 LUT5=2 LUT6=1)
  Clock Path Skew:        -0.036ns (DCD - SCD + CPR)
    Destination Clock Delay (DCD):    4.835ns = ( 14.835 - 10.000 ) 
    Source Clock Delay      (SCD):    5.129ns
    Clock Pessimism Removal (CPR):    0.258ns
  Clock Uncertainty:      0.035ns  ((TSJ^2 + TIJ^2)^1/2 + DJ) / 2 + PE
    Total System Jitter     (TSJ):    0.071ns
    Total Input Jitter      (TIJ):    0.000ns
    Discrete Jitter          (DJ):    0.000ns
    Phase Error              (PE):    0.000ns

    Location             Delay type                Incr(ns)  Path(ns)    Netlist Resource(s)
  -------------------------------------------------------------------    -------------------
                         (clock sys_clk_pin rise edge)
                                                      0.000     0.000 r  
    W5                                                0.000     0.000 r  clk (IN)
                         net (fo=0)                   0.000     0.000    clk
    W5                   IBUF (Prop_ibuf_I_O)         1.458     1.458 r  clk_IBUF_inst/O
                         net (fo=1, routed)           1.967     3.425    clk_IBUF
    BUFGCTRL_X0Y0        BUFG (Prop_bufg_I_O)         0.096     3.521 r  clk_IBUF_BUFG_inst/O
                         net (fo=32, routed)          1.608     5.129    clk_IBUF_BUFG
    SLICE_X62Y73         FDCE                                         r  tick_counter_reg[10]/C
  -------------------------------------------------------------------    -------------------
    SLICE_X62Y73         FDCE (Prop_fdce_C_Q)         0.456     5.585 f  tick_counter_reg[10]/Q
                         net (fo=3, routed)           0.860     6.445    tick_counter_reg[10]
    SLICE_X63Y73         LUT5 (Prop_lut5_I3_O)        0.124     6.569 f  tick_counter[0]_i_8/O
                         net (fo=1, routed)           0.665     7.234    tick_counter[0]_i_8_n_0
    SLICE_X63Y73         LUT6 (Prop_lut6_I1_O)        0.124     7.358 f  tick_counter[0]_i_7/O
                         net (fo=24, routed)          0.809     8.166    tick_counter[0]_i_7_n_0
    SLICE_X62Y71         LUT5 (Prop_lut5_I1_O)        0.124     8.290 r  tick_counter[0]_i_3/O
                         net (fo=1, routed)           0.000     8.290    tick_counter[0]_i_3_n_0
    SLICE_X62Y71         CARRY4 (Prop_carry4_S[3]_CO[3])
                                                      0.401     8.691 r  tick_counter_reg[0]_i_1/CO[3]
                         net (fo=1, routed)           0.000     8.691    tick_counter_reg[0]_i_1_n_0
    SLICE_X62Y72         CARRY4 (Prop_carry4_CI_CO[3])
                                                      0.114     8.805 r  tick_counter_reg[4]_i_1/CO[3]
                         net (fo=1, routed)           0.000     8.805    tick_counter_reg[4]_i_1_n_0
    SLICE_X62Y73         CARRY4 (Prop_carry4_CI_CO[3])
                                                      0.114     8.919 r  tick_counter_reg[8]_i_1/CO[3]
                         net (fo=1, routed)           0.000     8.919    tick_counter_reg[8]_i_1_n_0
    SLICE_X62Y74         CARRY4 (Prop_carry4_CI_CO[3])
                                                      0.114     9.033 r  tick_counter_reg[12]_i_1/CO[3]
                         net (fo=1, routed)           0.009     9.043    tick_counter_reg[12]_i_1_n_0
    SLICE_X62Y75         CARRY4 (Prop_carry4_CI_CO[3])
                                                      0.114     9.157 r  tick_counter_reg[16]_i_1/CO[3]
                         net (fo=1, routed)           0.000     9.157    tick_counter_reg[16]_i_1_n_0
    SLICE_X62Y76         CARRY4 (Prop_carry4_CI_O[3])
                                                      0.313     9.470 r  tick_counter_reg[20]_i_1/O[3]
                         net (fo=1, routed)           0.000     9.470    tick_counter_reg[20]_i_1_n_4
    SLICE_X62Y76         FDCE                                         r  tick_counter_reg[23]/D
  -------------------------------------------------------------------    -------------------

                         (clock sys_clk_pin rise edge)
                                                     10.000    10.000 r  
    W5                                                0.000    10.000 r  clk (IN)
                         net (fo=0)                   0.000    10.000    clk
    W5                   IBUF (Prop_ibuf_I_O)         1.388    11.388 r  clk_IBUF_inst/O
                         net (fo=1, routed)           1.862    13.250    clk_IBUF
    BUFGCTRL_X0Y0        BUFG (Prop_bufg_I_O)         0.091    13.341 r  clk_IBUF_BUFG_inst/O
                         net (fo=32, routed)          1.494    14.835    clk_IBUF_BUFG
    SLICE_X62Y76         FDCE                                         r  tick_counter_reg[23]/C
                         clock pessimism              0.258    15.093    
                         clock uncertainty           -0.035    15.058    
    SLICE_X62Y76         FDCE (Setup_fdce_C_D)        0.062    15.120    tick_counter_reg[23]
  -------------------------------------------------------------------
                         required time                         15.120    
                         arrival time                          -9.470    
  -------------------------------------------------------------------
                         slack                                  5.650    

Slack (MET) :             5.724ns  (required time - arrival time)
  Source:                 tick_counter_reg[10]/C
                            (rising edge-triggered cell FDCE clocked by sys_clk_pin  {rise@0.000ns fall@5.000ns period=10.000ns})
  Destination:            tick_counter_reg[22]/D
                            (rising edge-triggered cell FDCE clocked by sys_clk_pin  {rise@0.000ns fall@5.000ns period=10.000ns})
  Path Group:             sys_clk_pin
  Path Type:              Setup (Max at Slow Process Corner)
  Requirement:            10.000ns  (sys_clk_pin rise@10.000ns - sys_clk_pin rise@0.000ns)
  Data Path Delay:        4.267ns  (logic 1.924ns (45.094%)  route 2.343ns (54.906%))
  Logic Levels:           9  (CARRY4=6 LUT5=2 LUT6=1)
  Clock Path Skew:        -0.036ns (DCD - SCD + CPR)
    Destination Clock Delay (DCD):    4.835ns = ( 14.835 - 10.000 ) 
    Source Clock Delay      (SCD):    5.129ns
    Clock Pessimism Removal (CPR):    0.258ns
  Clock Uncertainty:      0.035ns  ((TSJ^2 + TIJ^2)^1/2 + DJ) / 2 + PE
    Total System Jitter     (TSJ):    0.071ns
    Total Input Jitter      (TIJ):    0.000ns
    Discrete Jitter          (DJ):    0.000ns
    Phase Error              (PE):    0.000ns

    Location             Delay type                Incr(ns)  Path(ns)    Netlist Resource(s)
  -------------------------------------------------------------------    -------------------
                         (clock sys_clk_pin rise edge)
                                                      0.000     0.000 r  
    W5                                                0.000     0.000 r  clk (IN)
                         net (fo=0)                   0.000     0.000    clk
    W5                   IBUF (Prop_ibuf_I_O)         1.458     1.458 r  clk_IBUF_inst/O
                         net (fo=1, routed)           1.967     3.425    clk_IBUF
    BUFGCTRL_X0Y0        BUFG (Prop_bufg_I_O)         0.096     3.521 r  clk_IBUF_BUFG_inst/O
                         net (fo=32, routed)          1.608     5.129    clk_IBUF_BUFG
    SLICE_X62Y73         FDCE                                         r  tick_counter_reg[10]/C
  -------------------------------------------------------------------    -------------------
    SLICE_X62Y73         FDCE (Prop_fdce_C_Q)         0.456     5.585 f  tick_counter_reg[10]/Q
                         net (fo=3, routed)           0.860     6.445    tick_counter_reg[10]
    SLICE_X63Y73         LUT5 (Prop_lut5_I3_O)        0.124     6.569 f  tick_counter[0]_i_8/O
                         net (fo=1, routed)           0.665     7.234    tick_counter[0]_i_8_n_0
    SLICE_X63Y73         LUT6 (Prop_lut6_I1_O)        0.124     7.358 f  tick_counter[0]_i_7/O
                         net (fo=24, routed)          0.809     8.166    tick_counter[0]_i_7_n_0
    SLICE_X62Y71         LUT5 (Prop_lut5_I1_O)        0.124     8.290 r  tick_counter[0]_i_3/O
                         net (fo=1, routed)           0.000     8.290    tick_counter[0]_i_3_n_0
    SLICE_X62Y71         CARRY4 (Prop_carry4_S[3]_CO[3])
                                                      0.401     8.691 r  tick_counter_reg[0]_i_1/CO[3]
                         net (fo=1, routed)           0.000     8.691    tick_counter_reg[0]_i_1_n_0
    SLICE_X62Y72         CARRY4 (Prop_carry4_CI_CO[3])
                                                      0.114     8.805 r  tick_counter_reg[4]_i_1/CO[3]
                         net (fo=1, routed)           0.000     8.805    tick_counter_reg[4]_i_1_n_0
    SLICE_X62Y73         CARRY4 (Prop_carry4_CI_CO[3])
                                                      0.114     8.919 r  tick_counter_reg[8]_i_1/CO[3]
                         net (fo=1, routed)           0.000     8.919    tick_counter_reg[8]_i_1_n_0
    SLICE_X62Y74         CARRY4 (Prop_carry4_CI_CO[3])
                                                      0.114     9.033 r  tick_counter_reg[12]_i_1/CO[3]
                         net (fo=1, routed)           0.009     9.043    tick_counter_reg[12]_i_1_n_0
    SLICE_X62Y75         CARRY4 (Prop_carry4_CI_CO[3])
                                                      0.114     9.157 r  tick_counter_reg[16]_i_1/CO[3]
                         net (fo=1, routed)           0.000     9.157    tick_counter_reg[16]_i_1_n_0
    SLICE_X62Y76         CARRY4 (Prop_carry4_CI_O[2])
                                                      0.239     9.396 r  tick_counter_reg[20]_i_1/O[2]
                         net (fo=1, routed)           0.000     9.396    tick_counter_reg[20]_i_1_n_5
    SLICE_X62Y76         FDCE                                         r  tick_counter_reg[22]/D
  -------------------------------------------------------------------    -------------------

                         (clock sys_clk_pin rise edge)
                                                     10.000    10.000 r  
    W5                                                0.000    10.000 r  clk (IN)
                         net (fo=0)                   0.000    10.000    clk
    W5                   IBUF (Prop_ibuf_I_O)         1.388    11.388 r  clk_IBUF_inst/O
                         net (fo=1, routed)           1.862    13.250    clk_IBUF
    BUFGCTRL_X0Y0        BUFG (Prop_bufg_I_O)         0.091    13.341 r  clk_IBUF_BUFG_inst/O
                         net (fo=32, routed)          1.494    14.835    clk_IBUF_BUFG
    SLICE_X62Y76         FDCE                                         r  tick_counter_reg[22]/C
                         clock pessimism              0.258    15.093    
                         clock uncertainty           -0.035    15.058    
    SLICE_X62Y76         FDCE (Setup_fdce_C_D)        0.062    15.120    tick_counter_reg[22]
  -------------------------------------------------------------------
                         required time                         15.120    
                         arrival time                          -9.396    
  -------------------------------------------------------------------
                         slack                                  5.724    

Slack (MET) :             5.740ns  (required time - arrival time)
  Source:                 tick_counter_reg[10]/C
                            (rising edge-triggered cell FDCE clocked by sys_clk_pin  {rise@0.000ns fall@5.000ns period=10.000ns})
  Destination:            tick_counter_reg[20]/D
                            (rising edge-triggered cell FDCE clocked by sys_clk_pin  {rise@0.000ns fall@5.000ns period=10.000ns})
  Path Group:             sys_clk_pin
  Path Type:              Setup (Max at Slow Process Corner)
  Requirement:            10.000ns  (sys_clk_pin rise@10.000ns - sys_clk_pin rise@0.000ns)
  Data Path Delay:        4.251ns  (logic 1.908ns (44.887%)  route 2.343ns (55.113%))
  Logic Levels:           9  (CARRY4=6 LUT5=2 LUT6=1)
  Clock Path Skew:        -0.036ns (DCD - SCD + CPR)
    Destination Clock Delay (DCD):    4.835ns = ( 14.835 - 10.000 ) 
    Source Clock Delay      (SCD):    5.129ns
    Clock Pessimism Removal (CPR):    0.258ns
  Clock Uncertainty:      0.035ns  ((TSJ^2 + TIJ^2)^1/2 + DJ) / 2 + PE
    Total System Jitter     (TSJ):    0.071ns
    Total Input Jitter      (TIJ):    0.000ns
    Discrete Jitter          (DJ):    0.000ns
    Phase Error              (PE):    0.000ns

    Location             Delay type                Incr(ns)  Path(ns)    Netlist Resource(s)
  -------------------------------------------------------------------    -------------------
                         (clock sys_clk_pin rise edge)
                                                      0.000     0.000 r  
    W5                                                0.000     0.000 r  clk (IN)
                         net (fo=0)                   0.000     0.000    clk
    W5                   IBUF (Prop_ibuf_I_O)         1.458     1.458 r  clk_IBUF_inst/O
                         net (fo=1, routed)           1.967     3.425    clk_IBUF
    BUFGCTRL_X0Y0        BUFG (Prop_bufg_I_O)         0.096     3.521 r  clk_IBUF_BUFG_inst/O
                         net (fo=32, routed)          1.608     5.129    clk_IBUF_BUFG
    SLICE_X62Y73         FDCE                                         r  tick_counter_reg[10]/C
  -------------------------------------------------------------------    -------------------
    SLICE_X62Y73         FDCE (Prop_fdce_C_Q)         0.456     5.585 f  tick_counter_reg[10]/Q
                         net (fo=3, routed)           0.860     6.445    tick_counter_reg[10]
    SLICE_X63Y73         LUT5 (Prop_lut5_I3_O)        0.124     6.569 f  tick_counter[0]_i_8/O
                         net (fo=1, routed)           0.665     7.234    tick_counter[0]_i_8_n_0
    SLICE_X63Y73         LUT6 (Prop_lut6_I1_O)        0.124     7.358 f  tick_counter[0]_i_7/O
                         net (fo=24, routed)          0.809     8.166    tick_counter[0]_i_7_n_0
    SLICE_X62Y71         LUT5 (Prop_lut5_I1_O)        0.124     8.290 r  tick_counter[0]_i_3/O
                         net (fo=1, routed)           0.000     8.290    tick_counter[0]_i_3_n_0
    SLICE_X62Y71         CARRY4 (Prop_carry4_S[3]_CO[3])
                                                      0.401     8.691 r  tick_counter_reg[0]_i_1/CO[3]
                         net (fo=1, routed)           0.000     8.691    tick_counter_reg[0]_i_1_n_0
    SLICE_X62Y72         CARRY4 (Prop_carry4_CI_CO[3])
                                                      0.114     8.805 r  tick_counter_reg[4]_i_1/CO[3]
                         net (fo=1, routed)           0.000     8.805    tick_counter_reg[4]_i_1_n_0
    SLICE_X62Y73         CARRY4 (Prop_carry4_CI_CO[3])
                                                      0.114     8.919 r  tick_counter_reg[8]_i_1/CO[3]
                         net (fo=1, routed)           0.000     8.919    tick_counter_reg[8]_i_1_n_0
    SLICE_X62Y74         CARRY4 (Prop_carry4_CI_CO[3])
                                                      0.114     9.033 r  tick_counter_reg[12]_i_1/CO[3]
                         net (fo=1, routed)           0.009     9.043    tick_counter_reg[12]_i_1_n_0
    SLICE_X62Y75         CARRY4 (Prop_carry4_CI_CO[3])
                                                      0.114     9.157 r  tick_counter_reg[16]_i_1/CO[3]
                         net (fo=1, routed)           0.000     9.157    tick_counter_reg[16]_i_1_n_0
    SLICE_X62Y76         CARRY4 (Prop_carry4_CI_O[0])
                                                      0.223     9.380 r  tick_counter_reg[20]_i_1/O[0]
                         net (fo=1, routed)           0.000     9.380    tick_counter_reg[20]_i_1_n_7
    SLICE_X62Y76         FDCE                                         r  tick_counter_reg[20]/D
  -------------------------------------------------------------------    -------------------

                         (clock sys_clk_pin rise edge)
                                                     10.000    10.000 r  
    W5                                                0.000    10.000 r  clk (IN)
                         net (fo=0)                   0.000    10.000    clk
    W5                   IBUF (Prop_ibuf_I_O)         1.388    11.388 r  clk_IBUF_inst/O
                         net (fo=1, routed)           1.862    13.250    clk_IBUF
    BUFGCTRL_X0Y0        BUFG (Prop_bufg_I_O)         0.091    13.341 r  clk_IBUF_BUFG_inst/O
                         net (fo=32, routed)          1.494    14.835    clk_IBUF_BUFG
    SLICE_X62Y76         FDCE                                         r  tick_counter_reg[20]/C
                         clock pessimism              0.258    15.093    
                         clock uncertainty           -0.035    15.058    
    SLICE_X62Y76         FDCE (Setup_fdce_C_D)        0.062    15.120    tick_counter_reg[20]
  -------------------------------------------------------------------
                         required time                         15.120    
                         arrival time                          -9.380    
  -------------------------------------------------------------------
                         slack                                  5.740    

Slack (MET) :             5.741ns  (required time - arrival time)
  Source:                 tick_counter_reg[10]/C
                            (rising edge-triggered cell FDCE clocked by sys_clk_pin  {rise@0.000ns fall@5.000ns period=10.000ns})
  Destination:            tick_counter_reg[17]/D
                            (rising edge-triggered cell FDCE clocked by sys_clk_pin  {rise@0.000ns fall@5.000ns period=10.000ns})
  Path Group:             sys_clk_pin
  Path Type:              Setup (Max at Slow Process Corner)
  Requirement:            10.000ns  (sys_clk_pin rise@10.000ns - sys_clk_pin rise@0.000ns)
  Data Path Delay:        4.248ns  (logic 1.905ns (44.849%)  route 2.343ns (55.151%))
  Logic Levels:           8  (CARRY4=5 LUT5=2 LUT6=1)
  Clock Path Skew:        -0.038ns (DCD - SCD + CPR)
    Destination Clock Delay (DCD):    4.833ns = ( 14.833 - 10.000 ) 
    Source Clock Delay      (SCD):    5.129ns
    Clock Pessimism Removal (CPR):    0.258ns
  Clock Uncertainty:      0.035ns  ((TSJ^2 + TIJ^2)^1/2 + DJ) / 2 + PE
    Total System Jitter     (TSJ):    0.071ns
    Total Input Jitter      (TIJ):    0.000ns
    Discrete Jitter          (DJ):    0.000ns
    Phase Error              (PE):    0.000ns

    Location             Delay type                Incr(ns)  Path(ns)    Netlist Resource(s)
  -------------------------------------------------------------------    -------------------
                         (clock sys_clk_pin rise edge)
                                                      0.000     0.000 r  
    W5                                                0.000     0.000 r  clk (IN)
                         net (fo=0)                   0.000     0.000    clk
    W5                   IBUF (Prop_ibuf_I_O)         1.458     1.458 r  clk_IBUF_inst/O
                         net (fo=1, routed)           1.967     3.425    clk_IBUF
    BUFGCTRL_X0Y0        BUFG (Prop_bufg_I_O)         0.096     3.521 r  clk_IBUF_BUFG_inst/O
                         net (fo=32, routed)          1.608     5.129    clk_IBUF_BUFG
    SLICE_X62Y73         FDCE                                         r  tick_counter_reg[10]/C
  -------------------------------------------------------------------    -------------------
    SLICE_X62Y73         FDCE (Prop_fdce_C_Q)         0.456     5.585 f  tick_counter_reg[10]/Q
                         net (fo=3, routed)           0.860     6.445    tick_counter_reg[10]
    SLICE_X63Y73         LUT5 (Prop_lut5_I3_O)        0.124     6.569 f  tick_counter[0]_i_8/O
                         net (fo=1, routed)           0.665     7.234    tick_counter[0]_i_8_n_0
    SLICE_X63Y73         LUT6 (Prop_lut6_I1_O)        0.124     7.358 f  tick_counter[0]_i_7/O
                         net (fo=24, routed)          0.809     8.166    tick_counter[0]_i_7_n_0
    SLICE_X62Y71         LUT5 (Prop_lut5_I1_O)        0.124     8.290 r  tick_counter[0]_i_3/O
                         net (fo=1, routed)           0.000     8.290    tick_counter[0]_i_3_n_0
    SLICE_X62Y71         CARRY4 (Prop_carry4_S[3]_CO[3])
                                                      0.401     8.691 r  tick_counter_reg[0]_i_1/CO[3]
                         net (fo=1, routed)           0.000     8.691    tick_counter_reg[0]_i_1_n_0
    SLICE_X62Y72         CARRY4 (Prop_carry4_CI_CO[3])
                                                      0.114     8.805 r  tick_counter_reg[4]_i_1/CO[3]
                         net (fo=1, routed)           0.000     8.805    tick_counter_reg[4]_i_1_n_0
    SLICE_X62Y73         CARRY4 (Prop_carry4_CI_CO[3])
                                                      0.114     8.919 r  tick_counter_reg[8]_i_1/CO[3]
                         net (fo=1, routed)           0.000     8.919    tick_counter_reg[8]_i_1_n_0
    SLICE_X62Y74         CARRY4 (Prop_carry4_CI_CO[3])
                                                      0.114     9.033 r  tick_counter_reg[12]_i_1/CO[3]
                         net (fo=1, routed)           0.009     9.043    tick_counter_reg[12]_i_1_n_0
    SLICE_X62Y75         CARRY4 (Prop_carry4_CI_O[1])
                                                      0.334     9.377 r  tick_counter_reg[16]_i_1/O[1]
                         net (fo=1, routed)           0.000     9.377    tick_counter_reg[16]_i_1_n_6
    SLICE_X62Y75         FDCE                                         r  tick_counter_reg[17]/D
  -------------------------------------------------------------------    -------------------

                         (clock sys_clk_pin rise edge)
                                                     10.000    10.000 r  
    W5                                                0.000    10.000 r  clk (IN)
                         net (fo=0)                   0.000    10.000    clk
    W5                   IBUF (Prop_ibuf_I_O)         1.388    11.388 r  clk_IBUF_inst/O
                         net (fo=1, routed)           1.862    13.250    clk_IBUF
    BUFGCTRL_X0Y0        BUFG (Prop_bufg_I_O)         0.091    13.341 r  clk_IBUF_BUFG_inst/O
                         net (fo=32, routed)          1.492    14.833    clk_IBUF_BUFG
    SLICE_X62Y75         FDCE                                         r  tick_counter_reg[17]/C
                         clock pessimism              0.258    15.091    
                         clock uncertainty           -0.035    15.056    
    SLICE_X62Y75         FDCE (Setup_fdce_C_D)        0.062    15.118    tick_counter_reg[17]
  -------------------------------------------------------------------
                         required time                         15.118    
                         arrival time                          -9.377    
  -------------------------------------------------------------------
                         slack                                  5.741    

Slack (MET) :             5.762ns  (required time - arrival time)
  Source:                 tick_counter_reg[10]/C
                            (rising edge-triggered cell FDCE clocked by sys_clk_pin  {rise@0.000ns fall@5.000ns period=10.000ns})
  Destination:            tick_counter_reg[19]/D
                            (rising edge-triggered cell FDCE clocked by sys_clk_pin  {rise@0.000ns fall@5.000ns period=10.000ns})
  Path Group:             sys_clk_pin
  Path Type:              Setup (Max at Slow Process Corner)
  Requirement:            10.000ns  (sys_clk_pin rise@10.000ns - sys_clk_pin rise@0.000ns)
  Data Path Delay:        4.227ns  (logic 1.884ns (44.574%)  route 2.343ns (55.425%))
  Logic Levels:           8  (CARRY4=5 LUT5=2 LUT6=1)
  Clock Path Skew:        -0.038ns (DCD - SCD + CPR)
    Destination Clock Delay (DCD):    4.833ns = ( 14.833 - 10.000 ) 
    Source Clock Delay      (SCD):    5.129ns
    Clock Pessimism Removal (CPR):    0.258ns
  Clock Uncertainty:      0.035ns  ((TSJ^2 + TIJ^2)^1/2 + DJ) / 2 + PE
    Total System Jitter     (TSJ):    0.071ns
    Total Input Jitter      (TIJ):    0.000ns
    Discrete Jitter          (DJ):    0.000ns
    Phase Error              (PE):    0.000ns

    Location             Delay type                Incr(ns)  Path(ns)    Netlist Resource(s)
  -------------------------------------------------------------------    -------------------
                         (clock sys_clk_pin rise edge)
                                                      0.000     0.000 r  
    W5                                                0.000     0.000 r  clk (IN)
                         net (fo=0)                   0.000     0.000    clk
    W5                   IBUF (Prop_ibuf_I_O)         1.458     1.458 r  clk_IBUF_inst/O
                         net (fo=1, routed)           1.967     3.425    clk_IBUF
    BUFGCTRL_X0Y0        BUFG (Prop_bufg_I_O)         0.096     3.521 r  clk_IBUF_BUFG_inst/O
                         net (fo=32, routed)          1.608     5.129    clk_IBUF_BUFG
    SLICE_X62Y73         FDCE                                         r  tick_counter_reg[10]/C
  -------------------------------------------------------------------    -------------------
    SLICE_X62Y73         FDCE (Prop_fdce_C_Q)         0.456     5.585 f  tick_counter_reg[10]/Q
                         net (fo=3, routed)           0.860     6.445    tick_counter_reg[10]
    SLICE_X63Y73         LUT5 (Prop_lut5_I3_O)        0.124     6.569 f  tick_counter[0]_i_8/O
                         net (fo=1, routed)           0.665     7.234    tick_counter[0]_i_8_n_0
    SLICE_X63Y73         LUT6 (Prop_lut6_I1_O)        0.124     7.358 f  tick_counter[0]_i_7/O
                         net (fo=24, routed)          0.809     8.166    tick_counter[0]_i_7_n_0
    SLICE_X62Y71         LUT5 (Prop_lut5_I1_O)        0.124     8.290 r  tick_counter[0]_i_3/O
                         net (fo=1, routed)           0.000     8.290    tick_counter[0]_i_3_n_0
    SLICE_X62Y71         CARRY4 (Prop_carry4_S[3]_CO[3])
                                                      0.401     8.691 r  tick_counter_reg[0]_i_1/CO[3]
                         net (fo=1, routed)           0.000     8.691    tick_counter_reg[0]_i_1_n_0
    SLICE_X62Y72         CARRY4 (Prop_carry4_CI_CO[3])
                                                      0.114     8.805 r  tick_counter_reg[4]_i_1/CO[3]
                         net (fo=1, routed)           0.000     8.805    tick_counter_reg[4]_i_1_n_0
    SLICE_X62Y73         CARRY4 (Prop_carry4_CI_CO[3])
                                                      0.114     8.919 r  tick_counter_reg[8]_i_1/CO[3]
                         net (fo=1, routed)           0.000     8.919    tick_counter_reg[8]_i_1_n_0
    SLICE_X62Y74         CARRY4 (Prop_carry4_CI_CO[3])
                                                      0.114     9.033 r  tick_counter_reg[12]_i_1/CO[3]
                         net (fo=1, routed)           0.009     9.043    tick_counter_reg[12]_i_1_n_0
    SLICE_X62Y75         CARRY4 (Prop_carry4_CI_O[3])
                                                      0.313     9.356 r  tick_counter_reg[16]_i_1/O[3]
                         net (fo=1, routed)           0.000     9.356    tick_counter_reg[16]_i_1_n_4
    SLICE_X62Y75         FDCE                                         r  tick_counter_reg[19]/D
  -------------------------------------------------------------------    -------------------

                         (clock sys_clk_pin rise edge)
                                                     10.000    10.000 r  
    W5                                                0.000    10.000 r  clk (IN)
                         net (fo=0)                   0.000    10.000    clk
    W5                   IBUF (Prop_ibuf_I_O)         1.388    11.388 r  clk_IBUF_inst/O
                         net (fo=1, routed)           1.862    13.250    clk_IBUF
    BUFGCTRL_X0Y0        BUFG (Prop_bufg_I_O)         0.091    13.341 r  clk_IBUF_BUFG_inst/O
                         net (fo=32, routed)          1.492    14.833    clk_IBUF_BUFG
    SLICE_X62Y75         FDCE                                         r  tick_counter_reg[19]/C
                         clock pessimism              0.258    15.091    
                         clock uncertainty           -0.035    15.056    
    SLICE_X62Y75         FDCE (Setup_fdce_C_D)        0.062    15.118    tick_counter_reg[19]
  -------------------------------------------------------------------
                         required time                         15.118    
                         arrival time                          -9.356    
  -------------------------------------------------------------------
                         slack                                  5.762    





Min Delay Paths
--------------------------------------------------------------------------------------
Slack (MET) :             0.169ns  (arrival time - required time)
  Source:                 bit_ptr_reg[0]/C
                            (rising edge-triggered cell FDPE clocked by sys_clk_pin  {rise@0.000ns fall@5.000ns period=10.000ns})
  Destination:            bit_ptr_reg[3]/D
                            (rising edge-triggered cell FDPE clocked by sys_clk_pin  {rise@0.000ns fall@5.000ns period=10.000ns})
  Path Group:             sys_clk_pin
  Path Type:              Hold (Min at Fast Process Corner)
  Requirement:            0.000ns  (sys_clk_pin rise@0.000ns - sys_clk_pin rise@0.000ns)
  Data Path Delay:        0.289ns  (logic 0.189ns (65.387%)  route 0.100ns (34.613%))
  Logic Levels:           1  (LUT4=1)
  Clock Path Skew:        0.013ns (DCD - SCD - CPR)
    Destination Clock Delay (DCD):    1.989ns
    Source Clock Delay      (SCD):    1.474ns
    Clock Pessimism Removal (CPR):    0.502ns

    Location             Delay type                Incr(ns)  Path(ns)    Netlist Resource(s)
  -------------------------------------------------------------------    -------------------
                         (clock sys_clk_pin rise edge)
                                                      0.000     0.000 r  
    W5                                                0.000     0.000 r  clk (IN)
                         net (fo=0)                   0.000     0.000    clk
    W5                   IBUF (Prop_ibuf_I_O)         0.226     0.226 r  clk_IBUF_inst/O
                         net (fo=1, routed)           0.631     0.858    clk_IBUF
    BUFGCTRL_X0Y0        BUFG (Prop_bufg_I_O)         0.026     0.884 r  clk_IBUF_BUFG_inst/O
                         net (fo=32, routed)          0.591     1.474    clk_IBUF_BUFG
    SLICE_X62Y61         FDPE                                         r  bit_ptr_reg[0]/C
  -------------------------------------------------------------------    -------------------
    SLICE_X62Y61         FDPE (Prop_fdpe_C_Q)         0.141     1.615 r  bit_ptr_reg[0]/Q
                         net (fo=9, routed)           0.100     1.715    bit_idx_OBUF[0]
    SLICE_X63Y61         LUT4 (Prop_lut4_I2_O)        0.048     1.763 r  bit_ptr[3]_i_2/O
                         net (fo=1, routed)           0.000     1.763    bit_ptr[3]_i_2_n_0
    SLICE_X63Y61         FDPE                                         r  bit_ptr_reg[3]/D
  -------------------------------------------------------------------    -------------------

                         (clock sys_clk_pin rise edge)
                                                      0.000     0.000 r  
    W5                                                0.000     0.000 r  clk (IN)
                         net (fo=0)                   0.000     0.000    clk
    W5                   IBUF (Prop_ibuf_I_O)         0.414     0.414 r  clk_IBUF_inst/O
                         net (fo=1, routed)           0.685     1.099    clk_IBUF
    BUFGCTRL_X0Y0        BUFG (Prop_bufg_I_O)         0.029     1.128 r  clk_IBUF_BUFG_inst/O
                         net (fo=32, routed)          0.861     1.989    clk_IBUF_BUFG
    SLICE_X63Y61         FDPE                                         r  bit_ptr_reg[3]/C
                         clock pessimism             -0.502     1.487    
    SLICE_X63Y61         FDPE (Hold_fdpe_C_D)         0.107     1.594    bit_ptr_reg[3]
  -------------------------------------------------------------------
                         required time                         -1.594    
                         arrival time                           1.763    
  -------------------------------------------------------------------
                         slack                                  0.169    

Slack (MET) :             0.182ns  (arrival time - required time)
  Source:                 bit_ptr_reg[0]/C
                            (rising edge-triggered cell FDPE clocked by sys_clk_pin  {rise@0.000ns fall@5.000ns period=10.000ns})
  Destination:            bit_ptr_reg[2]/D
                            (rising edge-triggered cell FDPE clocked by sys_clk_pin  {rise@0.000ns fall@5.000ns period=10.000ns})
  Path Group:             sys_clk_pin
  Path Type:              Hold (Min at Fast Process Corner)
  Requirement:            0.000ns  (sys_clk_pin rise@0.000ns - sys_clk_pin rise@0.000ns)
  Data Path Delay:        0.286ns  (logic 0.186ns (65.024%)  route 0.100ns (34.976%))
  Logic Levels:           1  (LUT3=1)
  Clock Path Skew:        0.013ns (DCD - SCD - CPR)
    Destination Clock Delay (DCD):    1.989ns
    Source Clock Delay      (SCD):    1.474ns
    Clock Pessimism Removal (CPR):    0.502ns

    Location             Delay type                Incr(ns)  Path(ns)    Netlist Resource(s)
  -------------------------------------------------------------------    -------------------
                         (clock sys_clk_pin rise edge)
                                                      0.000     0.000 r  
    W5                                                0.000     0.000 r  clk (IN)
                         net (fo=0)                   0.000     0.000    clk
    W5                   IBUF (Prop_ibuf_I_O)         0.226     0.226 r  clk_IBUF_inst/O
                         net (fo=1, routed)           0.631     0.858    clk_IBUF
    BUFGCTRL_X0Y0        BUFG (Prop_bufg_I_O)         0.026     0.884 r  clk_IBUF_BUFG_inst/O
                         net (fo=32, routed)          0.591     1.474    clk_IBUF_BUFG
    SLICE_X62Y61         FDPE                                         r  bit_ptr_reg[0]/C
  -------------------------------------------------------------------    -------------------
    SLICE_X62Y61         FDPE (Prop_fdpe_C_Q)         0.141     1.615 r  bit_ptr_reg[0]/Q
                         net (fo=9, routed)           0.100     1.715    bit_idx_OBUF[0]
    SLICE_X63Y61         LUT3 (Prop_lut3_I2_O)        0.045     1.760 r  bit_ptr[2]_i_1/O
                         net (fo=1, routed)           0.000     1.760    bit_ptr[2]_i_1_n_0
    SLICE_X63Y61         FDPE                                         r  bit_ptr_reg[2]/D
  -------------------------------------------------------------------    -------------------

                         (clock sys_clk_pin rise edge)
                                                      0.000     0.000 r  
    W5                                                0.000     0.000 r  clk (IN)
                         net (fo=0)                   0.000     0.000    clk
    W5                   IBUF (Prop_ibuf_I_O)         0.414     0.414 r  clk_IBUF_inst/O
                         net (fo=1, routed)           0.685     1.099    clk_IBUF
    BUFGCTRL_X0Y0        BUFG (Prop_bufg_I_O)         0.029     1.128 r  clk_IBUF_BUFG_inst/O
                         net (fo=32, routed)          0.861     1.989    clk_IBUF_BUFG
    SLICE_X63Y61         FDPE                                         r  bit_ptr_reg[2]/C
                         clock pessimism             -0.502     1.487    
    SLICE_X63Y61         FDPE (Hold_fdpe_C_D)         0.091     1.578    bit_ptr_reg[2]
  -------------------------------------------------------------------
                         required time                         -1.578    
                         arrival time                           1.760    
  -------------------------------------------------------------------
                         slack                                  0.182    

Slack (MET) :             0.242ns  (arrival time - required time)
  Source:                 bit_ptr_reg[3]/C
                            (rising edge-triggered cell FDPE clocked by sys_clk_pin  {rise@0.000ns fall@5.000ns period=10.000ns})
  Destination:            current_lvl_reg/D
                            (rising edge-triggered cell FDCE clocked by sys_clk_pin  {rise@0.000ns fall@5.000ns period=10.000ns})
  Path Group:             sys_clk_pin
  Path Type:              Hold (Min at Fast Process Corner)
  Requirement:            0.000ns  (sys_clk_pin rise@0.000ns - sys_clk_pin rise@0.000ns)
  Data Path Delay:        0.608ns  (logic 0.227ns (37.344%)  route 0.381ns (62.656%))
  Logic Levels:           1  (LUT6=1)
  Clock Path Skew:        0.275ns (DCD - SCD - CPR)
    Destination Clock Delay (DCD):    1.993ns
    Source Clock Delay      (SCD):    1.474ns
    Clock Pessimism Removal (CPR):    0.244ns

    Location             Delay type                Incr(ns)  Path(ns)    Netlist Resource(s)
  -------------------------------------------------------------------    -------------------
                         (clock sys_clk_pin rise edge)
                                                      0.000     0.000 r  
    W5                                                0.000     0.000 r  clk (IN)
                         net (fo=0)                   0.000     0.000    clk
    W5                   IBUF (Prop_ibuf_I_O)         0.226     0.226 r  clk_IBUF_inst/O
                         net (fo=1, routed)           0.631     0.858    clk_IBUF
    BUFGCTRL_X0Y0        BUFG (Prop_bufg_I_O)         0.026     0.884 r  clk_IBUF_BUFG_inst/O
                         net (fo=32, routed)          0.591     1.474    clk_IBUF_BUFG
    SLICE_X63Y61         FDPE                                         r  bit_ptr_reg[3]/C
  -------------------------------------------------------------------    -------------------
    SLICE_X63Y61         FDPE (Prop_fdpe_C_Q)         0.128     1.602 r  bit_ptr_reg[3]/Q
                         net (fo=3, routed)           0.381     1.983    bit_idx_OBUF[3]
    SLICE_X63Y45         LUT6 (Prop_lut6_I2_O)        0.099     2.082 r  current_lvl_i_1/O
                         net (fo=1, routed)           0.000     2.082    current_lvl
    SLICE_X63Y45         FDCE                                         r  current_lvl_reg/D
  -------------------------------------------------------------------    -------------------

                         (clock sys_clk_pin rise edge)
                                                      0.000     0.000 r  
    W5                                                0.000     0.000 r  clk (IN)
                         net (fo=0)                   0.000     0.000    clk
    W5                   IBUF (Prop_ibuf_I_O)         0.414     0.414 r  clk_IBUF_inst/O
                         net (fo=1, routed)           0.685     1.099    clk_IBUF
    BUFGCTRL_X0Y0        BUFG (Prop_bufg_I_O)         0.029     1.128 r  clk_IBUF_BUFG_inst/O
                         net (fo=32, routed)          0.866     1.993    clk_IBUF_BUFG
    SLICE_X63Y45         FDCE                                         r  current_lvl_reg/C
                         clock pessimism             -0.244     1.749    
    SLICE_X63Y45         FDCE (Hold_fdce_C_D)         0.091     1.840    current_lvl_reg
  -------------------------------------------------------------------
                         required time                         -1.840    
                         arrival time                           2.082    
  -------------------------------------------------------------------
                         slack                                  0.242    

Slack (MET) :             0.280ns  (arrival time - required time)
  Source:                 tick_counter_reg[10]/C
                            (rising edge-triggered cell FDCE clocked by sys_clk_pin  {rise@0.000ns fall@5.000ns period=10.000ns})
  Destination:            tick_counter_reg[10]/D
                            (rising edge-triggered cell FDCE clocked by sys_clk_pin  {rise@0.000ns fall@5.000ns period=10.000ns})
  Path Group:             sys_clk_pin
  Path Type:              Hold (Min at Fast Process Corner)
  Requirement:            0.000ns  (sys_clk_pin rise@0.000ns - sys_clk_pin rise@0.000ns)
  Data Path Delay:        0.385ns  (logic 0.252ns (65.465%)  route 0.133ns (34.535%))
  Logic Levels:           2  (CARRY4=1 LUT5=1)
  Clock Path Skew:        0.000ns (DCD - SCD - CPR)
    Destination Clock Delay (DCD):    1.976ns
    Source Clock Delay      (SCD):    1.464ns
    Clock Pessimism Removal (CPR):    0.512ns

    Location             Delay type                Incr(ns)  Path(ns)    Netlist Resource(s)
  -------------------------------------------------------------------    -------------------
                         (clock sys_clk_pin rise edge)
                                                      0.000     0.000 r  
    W5                                                0.000     0.000 r  clk (IN)
                         net (fo=0)                   0.000     0.000    clk
    W5                   IBUF (Prop_ibuf_I_O)         0.226     0.226 r  clk_IBUF_inst/O
                         net (fo=1, routed)           0.631     0.858    clk_IBUF
    BUFGCTRL_X0Y0        BUFG (Prop_bufg_I_O)         0.026     0.884 r  clk_IBUF_BUFG_inst/O
                         net (fo=32, routed)          0.581     1.464    clk_IBUF_BUFG
    SLICE_X62Y73         FDCE                                         r  tick_counter_reg[10]/C
  -------------------------------------------------------------------    -------------------
    SLICE_X62Y73         FDCE (Prop_fdce_C_Q)         0.141     1.605 r  tick_counter_reg[10]/Q
                         net (fo=3, routed)           0.133     1.738    tick_counter_reg[10]
    SLICE_X62Y73         LUT5 (Prop_lut5_I0_O)        0.045     1.783 r  tick_counter[8]_i_3/O
                         net (fo=1, routed)           0.000     1.783    tick_counter[8]_i_3_n_0
    SLICE_X62Y73         CARRY4 (Prop_carry4_S[2]_O[2])
                                                      0.066     1.849 r  tick_counter_reg[8]_i_1/O[2]
                         net (fo=1, routed)           0.000     1.849    tick_counter_reg[8]_i_1_n_5
    SLICE_X62Y73         FDCE                                         r  tick_counter_reg[10]/D
  -------------------------------------------------------------------    -------------------

                         (clock sys_clk_pin rise edge)
                                                      0.000     0.000 r  
    W5                                                0.000     0.000 r  clk (IN)
                         net (fo=0)                   0.000     0.000    clk
    W5                   IBUF (Prop_ibuf_I_O)         0.414     0.414 r  clk_IBUF_inst/O
                         net (fo=1, routed)           0.685     1.099    clk_IBUF
    BUFGCTRL_X0Y0        BUFG (Prop_bufg_I_O)         0.029     1.128 r  clk_IBUF_BUFG_inst/O
                         net (fo=32, routed)          0.848     1.976    clk_IBUF_BUFG
    SLICE_X62Y73         FDCE                                         r  tick_counter_reg[10]/C
                         clock pessimism             -0.512     1.464    
    SLICE_X62Y73         FDCE (Hold_fdce_C_D)         0.105     1.569    tick_counter_reg[10]
  -------------------------------------------------------------------
                         required time                         -1.569    
                         arrival time                           1.849    
  -------------------------------------------------------------------
                         slack                                  0.280    

Slack (MET) :             0.309ns  (arrival time - required time)
  Source:                 tick_counter_reg[25]/C
                            (rising edge-triggered cell FDCE clocked by sys_clk_pin  {rise@0.000ns fall@5.000ns period=10.000ns})
  Destination:            tick_counter_reg[23]/D
                            (rising edge-triggered cell FDCE clocked by sys_clk_pin  {rise@0.000ns fall@5.000ns period=10.000ns})
  Path Group:             sys_clk_pin
  Path Type:              Hold (Min at Fast Process Corner)
  Requirement:            0.000ns  (sys_clk_pin rise@0.000ns - sys_clk_pin rise@0.000ns)
  Data Path Delay:        0.425ns  (logic 0.249ns (58.528%)  route 0.176ns (41.472%))
  Logic Levels:           2  (CARRY4=1 LUT5=1)
  Clock Path Skew:        0.011ns (DCD - SCD - CPR)
    Destination Clock Delay (DCD):    1.976ns
    Source Clock Delay      (SCD):    1.466ns
    Clock Pessimism Removal (CPR):    0.499ns

    Location             Delay type                Incr(ns)  Path(ns)    Netlist Resource(s)
  -------------------------------------------------------------------    -------------------
                         (clock sys_clk_pin rise edge)
                                                      0.000     0.000 r  
    W5                                                0.000     0.000 r  clk (IN)
                         net (fo=0)                   0.000     0.000    clk
    W5                   IBUF (Prop_ibuf_I_O)         0.226     0.226 r  clk_IBUF_inst/O
                         net (fo=1, routed)           0.631     0.858    clk_IBUF
    BUFGCTRL_X0Y0        BUFG (Prop_bufg_I_O)         0.026     0.884 r  clk_IBUF_BUFG_inst/O
                         net (fo=32, routed)          0.583     1.466    clk_IBUF_BUFG
    SLICE_X62Y77         FDCE                                         r  tick_counter_reg[25]/C
  -------------------------------------------------------------------    -------------------
    SLICE_X62Y77         FDCE (Prop_fdce_C_Q)         0.141     1.607 f  tick_counter_reg[25]/Q
                         net (fo=30, routed)          0.176     1.784    tick_counter_reg[25]
    SLICE_X62Y76         LUT5 (Prop_lut5_I3_O)        0.045     1.829 r  tick_counter[20]_i_2/O
                         net (fo=1, routed)           0.000     1.829    tick_counter[20]_i_2_n_0
    SLICE_X62Y76         CARRY4 (Prop_carry4_S[3]_O[3])
                                                      0.063     1.892 r  tick_counter_reg[20]_i_1/O[3]
                         net (fo=1, routed)           0.000     1.892    tick_counter_reg[20]_i_1_n_4
    SLICE_X62Y76         FDCE                                         r  tick_counter_reg[23]/D
  -------------------------------------------------------------------    -------------------

                         (clock sys_clk_pin rise edge)
                                                      0.000     0.000 r  
    W5                                                0.000     0.000 r  clk (IN)
                         net (fo=0)                   0.000     0.000    clk
    W5                   IBUF (Prop_ibuf_I_O)         0.414     0.414 r  clk_IBUF_inst/O
                         net (fo=1, routed)           0.685     1.099    clk_IBUF
    BUFGCTRL_X0Y0        BUFG (Prop_bufg_I_O)         0.029     1.128 r  clk_IBUF_BUFG_inst/O
                         net (fo=32, routed)          0.848     1.976    clk_IBUF_BUFG
    SLICE_X62Y76         FDCE                                         r  tick_counter_reg[23]/C
                         clock pessimism             -0.499     1.477    
    SLICE_X62Y76         FDCE (Hold_fdce_C_D)         0.105     1.582    tick_counter_reg[23]
  -------------------------------------------------------------------
                         required time                         -1.582    
                         arrival time                           1.892    
  -------------------------------------------------------------------
                         slack                                  0.309    

Slack (MET) :             0.313ns  (arrival time - required time)
  Source:                 tick_counter_reg[10]/C
                            (rising edge-triggered cell FDCE clocked by sys_clk_pin  {rise@0.000ns fall@5.000ns period=10.000ns})
  Destination:            tick_counter_reg[11]/D
                            (rising edge-triggered cell FDCE clocked by sys_clk_pin  {rise@0.000ns fall@5.000ns period=10.000ns})
  Path Group:             sys_clk_pin
  Path Type:              Hold (Min at Fast Process Corner)
  Requirement:            0.000ns  (sys_clk_pin rise@0.000ns - sys_clk_pin rise@0.000ns)
  Data Path Delay:        0.418ns  (logic 0.285ns (68.192%)  route 0.133ns (31.808%))
  Logic Levels:           2  (CARRY4=1 LUT5=1)
  Clock Path Skew:        0.000ns (DCD - SCD - CPR)
    Destination Clock Delay (DCD):    1.976ns
    Source Clock Delay      (SCD):    1.464ns
    Clock Pessimism Removal (CPR):    0.512ns

    Location             Delay type                Incr(ns)  Path(ns)    Netlist Resource(s)
  -------------------------------------------------------------------    -------------------
                         (clock sys_clk_pin rise edge)
                                                      0.000     0.000 r  
    W5                                                0.000     0.000 r  clk (IN)
                         net (fo=0)                   0.000     0.000    clk
    W5                   IBUF (Prop_ibuf_I_O)         0.226     0.226 r  clk_IBUF_inst/O
                         net (fo=1, routed)           0.631     0.858    clk_IBUF
    BUFGCTRL_X0Y0        BUFG (Prop_bufg_I_O)         0.026     0.884 r  clk_IBUF_BUFG_inst/O
                         net (fo=32, routed)          0.581     1.464    clk_IBUF_BUFG
    SLICE_X62Y73         FDCE                                         r  tick_counter_reg[10]/C
  -------------------------------------------------------------------    -------------------
    SLICE_X62Y73         FDCE (Prop_fdce_C_Q)         0.141     1.605 r  tick_counter_reg[10]/Q
                         net (fo=3, routed)           0.133     1.738    tick_counter_reg[10]
    SLICE_X62Y73         LUT5 (Prop_lut5_I0_O)        0.045     1.783 r  tick_counter[8]_i_3/O
                         net (fo=1, routed)           0.000     1.783    tick_counter[8]_i_3_n_0
    SLICE_X62Y73         CARRY4 (Prop_carry4_S[2]_O[3])
                                                      0.099     1.882 r  tick_counter_reg[8]_i_1/O[3]
                         net (fo=1, routed)           0.000     1.882    tick_counter_reg[8]_i_1_n_4
    SLICE_X62Y73         FDCE                                         r  tick_counter_reg[11]/D
  -------------------------------------------------------------------    -------------------

                         (clock sys_clk_pin rise edge)
                                                      0.000     0.000 r  
    W5                                                0.000     0.000 r  clk (IN)
                         net (fo=0)                   0.000     0.000    clk
    W5                   IBUF (Prop_ibuf_I_O)         0.414     0.414 r  clk_IBUF_inst/O
                         net (fo=1, routed)           0.685     1.099    clk_IBUF
    BUFGCTRL_X0Y0        BUFG (Prop_bufg_I_O)         0.029     1.128 r  clk_IBUF_BUFG_inst/O
                         net (fo=32, routed)          0.848     1.976    clk_IBUF_BUFG
    SLICE_X62Y73         FDCE                                         r  tick_counter_reg[11]/C
                         clock pessimism             -0.512     1.464    
    SLICE_X62Y73         FDCE (Hold_fdce_C_D)         0.105     1.569    tick_counter_reg[11]
  -------------------------------------------------------------------
                         required time                         -1.569    
                         arrival time                           1.882    
  -------------------------------------------------------------------
                         slack                                  0.313    

Slack (MET) :             0.328ns  (arrival time - required time)
  Source:                 tick_counter_reg[15]/C
                            (rising edge-triggered cell FDCE clocked by sys_clk_pin  {rise@0.000ns fall@5.000ns period=10.000ns})
  Destination:            tick_counter_reg[15]/D
                            (rising edge-triggered cell FDCE clocked by sys_clk_pin  {rise@0.000ns fall@5.000ns period=10.000ns})
  Path Group:             sys_clk_pin
  Path Type:              Hold (Min at Fast Process Corner)
  Requirement:            0.000ns  (sys_clk_pin rise@0.000ns - sys_clk_pin rise@0.000ns)
  Data Path Delay:        0.433ns  (logic 0.249ns (57.483%)  route 0.184ns (42.517%))
  Logic Levels:           2  (CARRY4=1 LUT5=1)
  Clock Path Skew:        0.000ns (DCD - SCD - CPR)
    Destination Clock Delay (DCD):    1.975ns
    Source Clock Delay      (SCD):    1.463ns
    Clock Pessimism Removal (CPR):    0.512ns

    Location             Delay type                Incr(ns)  Path(ns)    Netlist Resource(s)
  -------------------------------------------------------------------    -------------------
                         (clock sys_clk_pin rise edge)
                                                      0.000     0.000 r  
    W5                                                0.000     0.000 r  clk (IN)
                         net (fo=0)                   0.000     0.000    clk
    W5                   IBUF (Prop_ibuf_I_O)         0.226     0.226 r  clk_IBUF_inst/O
                         net (fo=1, routed)           0.631     0.858    clk_IBUF
    BUFGCTRL_X0Y0        BUFG (Prop_bufg_I_O)         0.026     0.884 r  clk_IBUF_BUFG_inst/O
                         net (fo=32, routed)          0.580     1.463    clk_IBUF_BUFG
    SLICE_X62Y74         FDCE                                         r  tick_counter_reg[15]/C
  -------------------------------------------------------------------    -------------------
    SLICE_X62Y74         FDCE (Prop_fdce_C_Q)         0.141     1.604 r  tick_counter_reg[15]/Q
                         net (fo=3, routed)           0.184     1.788    tick_counter_reg[15]
    SLICE_X62Y74         LUT5 (Prop_lut5_I0_O)        0.045     1.833 r  tick_counter[12]_i_2/O
                         net (fo=1, routed)           0.000     1.833    tick_counter[12]_i_2_n_0
    SLICE_X62Y74         CARRY4 (Prop_carry4_S[3]_O[3])
                                                      0.063     1.896 r  tick_counter_reg[12]_i_1/O[3]
                         net (fo=1, routed)           0.000     1.896    tick_counter_reg[12]_i_1_n_4
    SLICE_X62Y74         FDCE                                         r  tick_counter_reg[15]/D
  -------------------------------------------------------------------    -------------------

                         (clock sys_clk_pin rise edge)
                                                      0.000     0.000 r  
    W5                                                0.000     0.000 r  clk (IN)
                         net (fo=0)                   0.000     0.000    clk
    W5                   IBUF (Prop_ibuf_I_O)         0.414     0.414 r  clk_IBUF_inst/O
                         net (fo=1, routed)           0.685     1.099    clk_IBUF
    BUFGCTRL_X0Y0        BUFG (Prop_bufg_I_O)         0.029     1.128 r  clk_IBUF_BUFG_inst/O
                         net (fo=32, routed)          0.847     1.975    clk_IBUF_BUFG
    SLICE_X62Y74         FDCE                                         r  tick_counter_reg[15]/C
                         clock pessimism             -0.512     1.463    
    SLICE_X62Y74         FDCE (Hold_fdce_C_D)         0.105     1.568    tick_counter_reg[15]
  -------------------------------------------------------------------
                         required time                         -1.568    
                         arrival time                           1.896    
  -------------------------------------------------------------------
                         slack                                  0.328    

Slack (MET) :             0.328ns  (arrival time - required time)
  Source:                 tick_counter_reg[7]/C
                            (rising edge-triggered cell FDCE clocked by sys_clk_pin  {rise@0.000ns fall@5.000ns period=10.000ns})
  Destination:            tick_counter_reg[7]/D
                            (rising edge-triggered cell FDCE clocked by sys_clk_pin  {rise@0.000ns fall@5.000ns period=10.000ns})
  Path Group:             sys_clk_pin
  Path Type:              Hold (Min at Fast Process Corner)
  Requirement:            0.000ns  (sys_clk_pin rise@0.000ns - sys_clk_pin rise@0.000ns)
  Data Path Delay:        0.433ns  (logic 0.249ns (57.475%)  route 0.184ns (42.525%))
  Logic Levels:           2  (CARRY4=1 LUT5=1)
  Clock Path Skew:        0.000ns (DCD - SCD - CPR)
    Destination Clock Delay (DCD):    1.978ns
    Source Clock Delay      (SCD):    1.466ns
    Clock Pessimism Removal (CPR):    0.512ns

    Location             Delay type                Incr(ns)  Path(ns)    Netlist Resource(s)
  -------------------------------------------------------------------    -------------------
                         (clock sys_clk_pin rise edge)
                                                      0.000     0.000 r  
    W5                                                0.000     0.000 r  clk (IN)
                         net (fo=0)                   0.000     0.000    clk
    W5                   IBUF (Prop_ibuf_I_O)         0.226     0.226 r  clk_IBUF_inst/O
                         net (fo=1, routed)           0.631     0.858    clk_IBUF
    BUFGCTRL_X0Y0        BUFG (Prop_bufg_I_O)         0.026     0.884 r  clk_IBUF_BUFG_inst/O
                         net (fo=32, routed)          0.583     1.466    clk_IBUF_BUFG
    SLICE_X62Y72         FDCE                                         r  tick_counter_reg[7]/C
  -------------------------------------------------------------------    -------------------
    SLICE_X62Y72         FDCE (Prop_fdce_C_Q)         0.141     1.607 r  tick_counter_reg[7]/Q
                         net (fo=3, routed)           0.184     1.791    tick_counter_reg[7]
    SLICE_X62Y72         LUT5 (Prop_lut5_I0_O)        0.045     1.836 r  tick_counter[4]_i_2/O
                         net (fo=1, routed)           0.000     1.836    tick_counter[4]_i_2_n_0
    SLICE_X62Y72         CARRY4 (Prop_carry4_S[3]_O[3])
                                                      0.063     1.899 r  tick_counter_reg[4]_i_1/O[3]
                         net (fo=1, routed)           0.000     1.899    tick_counter_reg[4]_i_1_n_4
    SLICE_X62Y72         FDCE                                         r  tick_counter_reg[7]/D
  -------------------------------------------------------------------    -------------------

                         (clock sys_clk_pin rise edge)
                                                      0.000     0.000 r  
    W5                                                0.000     0.000 r  clk (IN)
                         net (fo=0)                   0.000     0.000    clk
    W5                   IBUF (Prop_ibuf_I_O)         0.414     0.414 r  clk_IBUF_inst/O
                         net (fo=1, routed)           0.685     1.099    clk_IBUF
    BUFGCTRL_X0Y0        BUFG (Prop_bufg_I_O)         0.029     1.128 r  clk_IBUF_BUFG_inst/O
                         net (fo=32, routed)          0.850     1.978    clk_IBUF_BUFG
    SLICE_X62Y72         FDCE                                         r  tick_counter_reg[7]/C
                         clock pessimism             -0.512     1.466    
    SLICE_X62Y72         FDCE (Hold_fdce_C_D)         0.105     1.571    tick_counter_reg[7]
  -------------------------------------------------------------------
                         required time                         -1.571    
                         arrival time                           1.899    
  -------------------------------------------------------------------
                         slack                                  0.328    

Slack (MET) :             0.329ns  (arrival time - required time)
  Source:                 tick_counter_reg[3]/C
                            (rising edge-triggered cell FDCE clocked by sys_clk_pin  {rise@0.000ns fall@5.000ns period=10.000ns})
  Destination:            tick_counter_reg[3]/D
                            (rising edge-triggered cell FDCE clocked by sys_clk_pin  {rise@0.000ns fall@5.000ns period=10.000ns})
  Path Group:             sys_clk_pin
  Path Type:              Hold (Min at Fast Process Corner)
  Requirement:            0.000ns  (sys_clk_pin rise@0.000ns - sys_clk_pin rise@0.000ns)
  Data Path Delay:        0.434ns  (logic 0.249ns (57.338%)  route 0.185ns (42.662%))
  Logic Levels:           2  (CARRY4=1 LUT5=1)
  Clock Path Skew:        0.000ns (DCD - SCD - CPR)
    Destination Clock Delay (DCD):    1.979ns
    Source Clock Delay      (SCD):    1.466ns
    Clock Pessimism Removal (CPR):    0.513ns

    Location             Delay type                Incr(ns)  Path(ns)    Netlist Resource(s)
  -------------------------------------------------------------------    -------------------
                         (clock sys_clk_pin rise edge)
                                                      0.000     0.000 r  
    W5                                                0.000     0.000 r  clk (IN)
                         net (fo=0)                   0.000     0.000    clk
    W5                   IBUF (Prop_ibuf_I_O)         0.226     0.226 r  clk_IBUF_inst/O
                         net (fo=1, routed)           0.631     0.858    clk_IBUF
    BUFGCTRL_X0Y0        BUFG (Prop_bufg_I_O)         0.026     0.884 r  clk_IBUF_BUFG_inst/O
                         net (fo=32, routed)          0.583     1.466    clk_IBUF_BUFG
    SLICE_X62Y71         FDCE                                         r  tick_counter_reg[3]/C
  -------------------------------------------------------------------    -------------------
    SLICE_X62Y71         FDCE (Prop_fdce_C_Q)         0.141     1.607 r  tick_counter_reg[3]/Q
                         net (fo=3, routed)           0.185     1.792    tick_counter_reg[3]
    SLICE_X62Y71         LUT5 (Prop_lut5_I0_O)        0.045     1.837 r  tick_counter[0]_i_3/O
                         net (fo=1, routed)           0.000     1.837    tick_counter[0]_i_3_n_0
    SLICE_X62Y71         CARRY4 (Prop_carry4_S[3]_O[3])
                                                      0.063     1.900 r  tick_counter_reg[0]_i_1/O[3]
                         net (fo=1, routed)           0.000     1.900    tick_counter_reg[0]_i_1_n_4
    SLICE_X62Y71         FDCE                                         r  tick_counter_reg[3]/D
  -------------------------------------------------------------------    -------------------

                         (clock sys_clk_pin rise edge)
                                                      0.000     0.000 r  
    W5                                                0.000     0.000 r  clk (IN)
                         net (fo=0)                   0.000     0.000    clk
    W5                   IBUF (Prop_ibuf_I_O)         0.414     0.414 r  clk_IBUF_inst/O
                         net (fo=1, routed)           0.685     1.099    clk_IBUF
    BUFGCTRL_X0Y0        BUFG (Prop_bufg_I_O)         0.029     1.128 r  clk_IBUF_BUFG_inst/O
                         net (fo=32, routed)          0.851     1.979    clk_IBUF_BUFG
    SLICE_X62Y71         FDCE                                         r  tick_counter_reg[3]/C
                         clock pessimism             -0.513     1.466    
    SLICE_X62Y71         FDCE (Hold_fdce_C_D)         0.105     1.571    tick_counter_reg[3]
  -------------------------------------------------------------------
                         required time                         -1.571    
                         arrival time                           1.900    
  -------------------------------------------------------------------
                         slack                                  0.329    

Slack (MET) :             0.336ns  (arrival time - required time)
  Source:                 tick_counter_reg[12]/C
                            (rising edge-triggered cell FDCE clocked by sys_clk_pin  {rise@0.000ns fall@5.000ns period=10.000ns})
  Destination:            tick_counter_reg[12]/D
                            (rising edge-triggered cell FDCE clocked by sys_clk_pin  {rise@0.000ns fall@5.000ns period=10.000ns})
  Path Group:             sys_clk_pin
  Path Type:              Hold (Min at Fast Process Corner)
  Requirement:            0.000ns  (sys_clk_pin rise@0.000ns - sys_clk_pin rise@0.000ns)
  Data Path Delay:        0.441ns  (logic 0.256ns (58.085%)  route 0.185ns (41.915%))
  Logic Levels:           2  (CARRY4=1 LUT5=1)
  Clock Path Skew:        0.000ns (DCD - SCD - CPR)
    Destination Clock Delay (DCD):    1.975ns
    Source Clock Delay      (SCD):    1.463ns
    Clock Pessimism Removal (CPR):    0.512ns

    Location             Delay type                Incr(ns)  Path(ns)    Netlist Resource(s)
  -------------------------------------------------------------------    -------------------
                         (clock sys_clk_pin rise edge)
                                                      0.000     0.000 r  
    W5                                                0.000     0.000 r  clk (IN)
                         net (fo=0)                   0.000     0.000    clk
    W5                   IBUF (Prop_ibuf_I_O)         0.226     0.226 r  clk_IBUF_inst/O
                         net (fo=1, routed)           0.631     0.858    clk_IBUF
    BUFGCTRL_X0Y0        BUFG (Prop_bufg_I_O)         0.026     0.884 r  clk_IBUF_BUFG_inst/O
                         net (fo=32, routed)          0.580     1.463    clk_IBUF_BUFG
    SLICE_X62Y74         FDCE                                         r  tick_counter_reg[12]/C
  -------------------------------------------------------------------    -------------------
    SLICE_X62Y74         FDCE (Prop_fdce_C_Q)         0.141     1.604 r  tick_counter_reg[12]/Q
                         net (fo=3, routed)           0.185     1.789    tick_counter_reg[12]
    SLICE_X62Y74         LUT5 (Prop_lut5_I0_O)        0.045     1.834 r  tick_counter[12]_i_5/O
                         net (fo=1, routed)           0.000     1.834    tick_counter[12]_i_5_n_0
    SLICE_X62Y74         CARRY4 (Prop_carry4_S[0]_O[0])
                                                      0.070     1.904 r  tick_counter_reg[12]_i_1/O[0]
                         net (fo=1, routed)           0.000     1.904    tick_counter_reg[12]_i_1_n_7
    SLICE_X62Y74         FDCE                                         r  tick_counter_reg[12]/D
  -------------------------------------------------------------------    -------------------

                         (clock sys_clk_pin rise edge)
                                                      0.000     0.000 r  
    W5                                                0.000     0.000 r  clk (IN)
                         net (fo=0)                   0.000     0.000    clk
    W5                   IBUF (Prop_ibuf_I_O)         0.414     0.414 r  clk_IBUF_inst/O
                         net (fo=1, routed)           0.685     1.099    clk_IBUF
    BUFGCTRL_X0Y0        BUFG (Prop_bufg_I_O)         0.029     1.128 r  clk_IBUF_BUFG_inst/O
                         net (fo=32, routed)          0.847     1.975    clk_IBUF_BUFG
    SLICE_X62Y74         FDCE                                         r  tick_counter_reg[12]/C
                         clock pessimism             -0.512     1.463    
    SLICE_X62Y74         FDCE (Hold_fdce_C_D)         0.105     1.568    tick_counter_reg[12]
  -------------------------------------------------------------------
                         required time                         -1.568    
                         arrival time                           1.904    
  -------------------------------------------------------------------
                         slack                                  0.336    





Pulse Width Checks
--------------------------------------------------------------------------------------
Clock Name:         sys_clk_pin
Waveform(ns):       { 0.000 5.000 }
Period(ns):         10.000
Sources:            { clk }

Check Type        Corner  Lib Pin  Reference Pin  Required(ns)  Actual(ns)  Slack(ns)  Location       Pin
Min Period        n/a     BUFG/I   n/a            2.155         10.000      7.845      BUFGCTRL_X0Y0  clk_IBUF_BUFG_inst/I
Min Period        n/a     FDPE/C   n/a            1.000         10.000      9.000      SLICE_X62Y61   bit_ptr_reg[0]/C
Min Period        n/a     FDPE/C   n/a            1.000         10.000      9.000      SLICE_X62Y61   bit_ptr_reg[1]/C
Min Period        n/a     FDPE/C   n/a            1.000         10.000      9.000      SLICE_X63Y61   bit_ptr_reg[2]/C
Min Period        n/a     FDPE/C   n/a            1.000         10.000      9.000      SLICE_X63Y61   bit_ptr_reg[3]/C
Min Period        n/a     FDCE/C   n/a            1.000         10.000      9.000      SLICE_X63Y45   current_lvl_reg/C
Min Period        n/a     FDCE/C   n/a            1.000         10.000      9.000      SLICE_X62Y71   tick_counter_reg[0]/C
Min Period        n/a     FDCE/C   n/a            1.000         10.000      9.000      SLICE_X62Y73   tick_counter_reg[10]/C
Min Period        n/a     FDCE/C   n/a            1.000         10.000      9.000      SLICE_X62Y73   tick_counter_reg[11]/C
Min Period        n/a     FDCE/C   n/a            1.000         10.000      9.000      SLICE_X62Y74   tick_counter_reg[12]/C
Low Pulse Width   Slow    FDPE/C   n/a            0.500         5.000       4.500      SLICE_X62Y61   bit_ptr_reg[0]/C
Low Pulse Width   Fast    FDPE/C   n/a            0.500         5.000       4.500      SLICE_X62Y61   bit_ptr_reg[0]/C
Low Pulse Width   Slow    FDPE/C   n/a            0.500         5.000       4.500      SLICE_X62Y61   bit_ptr_reg[1]/C
Low Pulse Width   Fast    FDPE/C   n/a            0.500         5.000       4.500      SLICE_X62Y61   bit_ptr_reg[1]/C
Low Pulse Width   Slow    FDPE/C   n/a            0.500         5.000       4.500      SLICE_X63Y61   bit_ptr_reg[2]/C
Low Pulse Width   Fast    FDPE/C   n/a            0.500         5.000       4.500      SLICE_X63Y61   bit_ptr_reg[2]/C
Low Pulse Width   Slow    FDPE/C   n/a            0.500         5.000       4.500      SLICE_X63Y61   bit_ptr_reg[3]/C
Low Pulse Width   Fast    FDPE/C   n/a            0.500         5.000       4.500      SLICE_X63Y61   bit_ptr_reg[3]/C
Low Pulse Width   Slow    FDCE/C   n/a            0.500         5.000       4.500      SLICE_X63Y45   current_lvl_reg/C
Low Pulse Width   Fast    FDCE/C   n/a            0.500         5.000       4.500      SLICE_X63Y45   current_lvl_reg/C
High Pulse Width  Slow    FDPE/C   n/a            0.500         5.000       4.500      SLICE_X62Y61   bit_ptr_reg[0]/C
High Pulse Width  Fast    FDPE/C   n/a            0.500         5.000       4.500      SLICE_X62Y61   bit_ptr_reg[0]/C
High Pulse Width  Slow    FDPE/C   n/a            0.500         5.000       4.500      SLICE_X62Y61   bit_ptr_reg[1]/C
High Pulse Width  Fast    FDPE/C   n/a            0.500         5.000       4.500      SLICE_X62Y61   bit_ptr_reg[1]/C
High Pulse Width  Slow    FDPE/C   n/a            0.500         5.000       4.500      SLICE_X63Y61   bit_ptr_reg[2]/C
High Pulse Width  Fast    FDPE/C   n/a            0.500         5.000       4.500      SLICE_X63Y61   bit_ptr_reg[2]/C
High Pulse Width  Slow    FDPE/C   n/a            0.500         5.000       4.500      SLICE_X63Y61   bit_ptr_reg[3]/C
High Pulse Width  Fast    FDPE/C   n/a            0.500         5.000       4.500      SLICE_X63Y61   bit_ptr_reg[3]/C
High Pulse Width  Slow    FDCE/C   n/a            0.500         5.000       4.500      SLICE_X63Y45   current_lvl_reg/C
High Pulse Width  Fast    FDCE/C   n/a            0.500         5.000       4.500      SLICE_X63Y45   current_lvl_reg/C



--------------------------------------------------------------------------------------
Path Group:  (none)
From Clock:  sys_clk_pin
  To Clock:  

Max Delay             5 Endpoints
Min Delay             5 Endpoints
--------------------------------------------------------------------------------------


Max Delay Paths
--------------------------------------------------------------------------------------
Slack:                    inf
  Source:                 current_lvl_reg/C
                            (rising edge-triggered cell FDCE clocked by sys_clk_pin  {rise@0.000ns fall@5.000ns period=10.000ns})
  Destination:            nrz_out
                            (output port)
  Path Group:             (none)
  Path Type:              Max at Slow Process Corner
  Data Path Delay:        8.803ns  (logic 3.961ns (44.995%)  route 4.842ns (55.005%))
  Logic Levels:           1  (OBUF=1)
  Clock Uncertainty:      0.025ns  ((TSJ^2 + TIJ^2)^1/2 + DJ) / 2 + PE
    Total System Jitter     (TSJ):    0.050ns
    Total Input Jitter      (TIJ):    0.000ns
    Discrete Jitter          (DJ):    0.000ns
    Phase Error              (PE):    0.000ns

    Location             Delay type                Incr(ns)  Path(ns)    Netlist Resource(s)
  -------------------------------------------------------------------    -------------------
                         (clock sys_clk_pin rise edge)
                                                      0.000     0.000 r  
    W5                                                0.000     0.000 r  clk (IN)
                         net (fo=0)                   0.000     0.000    clk
    W5                   IBUF (Prop_ibuf_I_O)         1.458     1.458 r  clk_IBUF_inst/O
                         net (fo=1, routed)           1.967     3.425    clk_IBUF
    BUFGCTRL_X0Y0        BUFG (Prop_bufg_I_O)         0.096     3.521 r  clk_IBUF_BUFG_inst/O
                         net (fo=32, routed)          1.638     5.159    clk_IBUF_BUFG
    SLICE_X63Y45         FDCE                                         r  current_lvl_reg/C
  -------------------------------------------------------------------    -------------------
    SLICE_X63Y45         FDCE (Prop_fdce_C_Q)         0.456     5.615 r  current_lvl_reg/Q
                         net (fo=2, routed)           4.842    10.457    nrz_out_OBUF
    U16                  OBUF (Prop_obuf_I_O)         3.505    13.962 r  nrz_out_OBUF_inst/O
                         net (fo=0)                   0.000    13.962    nrz_out
    U16                                                               r  nrz_out (OUT)
  -------------------------------------------------------------------    -------------------

Slack:                    inf
  Source:                 bit_ptr_reg[3]/C
                            (rising edge-triggered cell FDPE clocked by sys_clk_pin  {rise@0.000ns fall@5.000ns period=10.000ns})
  Destination:            bit_idx[3]
                            (output port)
  Path Group:             (none)
  Path Type:              Max at Slow Process Corner
  Data Path Delay:        6.695ns  (logic 4.115ns (61.474%)  route 2.579ns (38.526%))
  Logic Levels:           1  (OBUF=1)
  Clock Uncertainty:      0.025ns  ((TSJ^2 + TIJ^2)^1/2 + DJ) / 2 + PE
    Total System Jitter     (TSJ):    0.050ns
    Total Input Jitter      (TIJ):    0.000ns
    Discrete Jitter          (DJ):    0.000ns
    Phase Error              (PE):    0.000ns

    Location             Delay type                Incr(ns)  Path(ns)    Netlist Resource(s)
  -------------------------------------------------------------------    -------------------
                         (clock sys_clk_pin rise edge)
                                                      0.000     0.000 r  
    W5                                                0.000     0.000 r  clk (IN)
                         net (fo=0)                   0.000     0.000    clk
    W5                   IBUF (Prop_ibuf_I_O)         1.458     1.458 r  clk_IBUF_inst/O
                         net (fo=1, routed)           1.967     3.425    clk_IBUF
    BUFGCTRL_X0Y0        BUFG (Prop_bufg_I_O)         0.096     3.521 r  clk_IBUF_BUFG_inst/O
                         net (fo=32, routed)          1.623     5.144    clk_IBUF_BUFG
    SLICE_X63Y61         FDPE                                         r  bit_ptr_reg[3]/C
  -------------------------------------------------------------------    -------------------
    SLICE_X63Y61         FDPE (Prop_fdpe_C_Q)         0.419     5.563 r  bit_ptr_reg[3]/Q
                         net (fo=3, routed)           2.579     8.142    bit_idx_OBUF[3]
    L1                   OBUF (Prop_obuf_I_O)         3.696    11.838 r  bit_idx_OBUF[3]_inst/O
                         net (fo=0)                   0.000    11.838    bit_idx[3]
    L1                                                                r  bit_idx[3] (OUT)
  -------------------------------------------------------------------    -------------------

Slack:                    inf
  Source:                 bit_ptr_reg[0]/C
                            (rising edge-triggered cell FDPE clocked by sys_clk_pin  {rise@0.000ns fall@5.000ns period=10.000ns})
  Destination:            bit_idx[0]
                            (output port)
  Path Group:             (none)
  Path Type:              Max at Slow Process Corner
  Data Path Delay:        6.396ns  (logic 3.974ns (62.138%)  route 2.421ns (37.862%))
  Logic Levels:           1  (OBUF=1)
  Clock Uncertainty:      0.025ns  ((TSJ^2 + TIJ^2)^1/2 + DJ) / 2 + PE
    Total System Jitter     (TSJ):    0.050ns
    Total Input Jitter      (TIJ):    0.000ns
    Discrete Jitter          (DJ):    0.000ns
    Phase Error              (PE):    0.000ns

    Location             Delay type                Incr(ns)  Path(ns)    Netlist Resource(s)
  -------------------------------------------------------------------    -------------------
                         (clock sys_clk_pin rise edge)
                                                      0.000     0.000 r  
    W5                                                0.000     0.000 r  clk (IN)
                         net (fo=0)                   0.000     0.000    clk
    W5                   IBUF (Prop_ibuf_I_O)         1.458     1.458 r  clk_IBUF_inst/O
                         net (fo=1, routed)           1.967     3.425    clk_IBUF
    BUFGCTRL_X0Y0        BUFG (Prop_bufg_I_O)         0.096     3.521 r  clk_IBUF_BUFG_inst/O
                         net (fo=32, routed)          1.623     5.144    clk_IBUF_BUFG
    SLICE_X62Y61         FDPE                                         r  bit_ptr_reg[0]/C
  -------------------------------------------------------------------    -------------------
    SLICE_X62Y61         FDPE (Prop_fdpe_C_Q)         0.456     5.600 r  bit_ptr_reg[0]/Q
                         net (fo=9, routed)           2.421     8.021    bit_idx_OBUF[0]
    P3                   OBUF (Prop_obuf_I_O)         3.518    11.539 r  bit_idx_OBUF[0]_inst/O
                         net (fo=0)                   0.000    11.539    bit_idx[0]
    P3                                                                r  bit_idx[0] (OUT)
  -------------------------------------------------------------------    -------------------

Slack:                    inf
  Source:                 bit_ptr_reg[1]/C
                            (rising edge-triggered cell FDPE clocked by sys_clk_pin  {rise@0.000ns fall@5.000ns period=10.000ns})
  Destination:            bit_idx[1]
                            (output port)
  Path Group:             (none)
  Path Type:              Max at Slow Process Corner
  Data Path Delay:        6.282ns  (logic 4.101ns (65.285%)  route 2.181ns (34.715%))
  Logic Levels:           1  (OBUF=1)
  Clock Uncertainty:      0.025ns  ((TSJ^2 + TIJ^2)^1/2 + DJ) / 2 + PE
    Total System Jitter     (TSJ):    0.050ns
    Total Input Jitter      (TIJ):    0.000ns
    Discrete Jitter          (DJ):    0.000ns
    Phase Error              (PE):    0.000ns

    Location             Delay type                Incr(ns)  Path(ns)    Netlist Resource(s)
  -------------------------------------------------------------------    -------------------
                         (clock sys_clk_pin rise edge)
                                                      0.000     0.000 r  
    W5                                                0.000     0.000 r  clk (IN)
                         net (fo=0)                   0.000     0.000    clk
    W5                   IBUF (Prop_ibuf_I_O)         1.458     1.458 r  clk_IBUF_inst/O
                         net (fo=1, routed)           1.967     3.425    clk_IBUF
    BUFGCTRL_X0Y0        BUFG (Prop_bufg_I_O)         0.096     3.521 r  clk_IBUF_BUFG_inst/O
                         net (fo=32, routed)          1.623     5.144    clk_IBUF_BUFG
    SLICE_X62Y61         FDPE                                         r  bit_ptr_reg[1]/C
  -------------------------------------------------------------------    -------------------
    SLICE_X62Y61         FDPE (Prop_fdpe_C_Q)         0.419     5.563 r  bit_ptr_reg[1]/Q
                         net (fo=8, routed)           2.181     7.744    bit_idx_OBUF[1]
    N3                   OBUF (Prop_obuf_I_O)         3.682    11.426 r  bit_idx_OBUF[1]_inst/O
                         net (fo=0)                   0.000    11.426    bit_idx[1]
    N3                                                                r  bit_idx[1] (OUT)
  -------------------------------------------------------------------    -------------------

Slack:                    inf
  Source:                 bit_ptr_reg[2]/C
                            (rising edge-triggered cell FDPE clocked by sys_clk_pin  {rise@0.000ns fall@5.000ns period=10.000ns})
  Destination:            bit_idx[2]
                            (output port)
  Path Group:             (none)
  Path Type:              Max at Slow Process Corner
  Data Path Delay:        5.659ns  (logic 3.971ns (70.183%)  route 1.687ns (29.817%))
  Logic Levels:           1  (OBUF=1)
  Clock Uncertainty:      0.025ns  ((TSJ^2 + TIJ^2)^1/2 + DJ) / 2 + PE
    Total System Jitter     (TSJ):    0.050ns
    Total Input Jitter      (TIJ):    0.000ns
    Discrete Jitter          (DJ):    0.000ns
    Phase Error              (PE):    0.000ns

    Location             Delay type                Incr(ns)  Path(ns)    Netlist Resource(s)
  -------------------------------------------------------------------    -------------------
                         (clock sys_clk_pin rise edge)
                                                      0.000     0.000 r  
    W5                                                0.000     0.000 r  clk (IN)
                         net (fo=0)                   0.000     0.000    clk
    W5                   IBUF (Prop_ibuf_I_O)         1.458     1.458 r  clk_IBUF_inst/O
                         net (fo=1, routed)           1.967     3.425    clk_IBUF
    BUFGCTRL_X0Y0        BUFG (Prop_bufg_I_O)         0.096     3.521 r  clk_IBUF_BUFG_inst/O
                         net (fo=32, routed)          1.623     5.144    clk_IBUF_BUFG
    SLICE_X63Y61         FDPE                                         r  bit_ptr_reg[2]/C
  -------------------------------------------------------------------    -------------------
    SLICE_X63Y61         FDPE (Prop_fdpe_C_Q)         0.456     5.600 r  bit_ptr_reg[2]/Q
                         net (fo=5, routed)           1.687     7.287    bit_idx_OBUF[2]
    P1                   OBUF (Prop_obuf_I_O)         3.515    10.803 r  bit_idx_OBUF[2]_inst/O
                         net (fo=0)                   0.000    10.803    bit_idx[2]
    P1                                                                r  bit_idx[2] (OUT)
  -------------------------------------------------------------------    -------------------





Min Delay Paths
--------------------------------------------------------------------------------------
Slack:                    inf
  Source:                 bit_ptr_reg[2]/C
                            (rising edge-triggered cell FDPE clocked by sys_clk_pin  {rise@0.000ns fall@5.000ns period=10.000ns})
  Destination:            bit_idx[2]
                            (output port)
  Path Group:             (none)
  Path Type:              Min at Fast Process Corner
  Data Path Delay:        1.712ns  (logic 1.357ns (79.304%)  route 0.354ns (20.696%))
  Logic Levels:           1  (OBUF=1)
  Clock Uncertainty:      0.025ns  ((TSJ^2 + TIJ^2)^1/2 + DJ) / 2 + PE
    Total System Jitter     (TSJ):    0.050ns
    Total Input Jitter      (TIJ):    0.000ns
    Discrete Jitter          (DJ):    0.000ns
    Phase Error              (PE):    0.000ns

    Location             Delay type                Incr(ns)  Path(ns)    Netlist Resource(s)
  -------------------------------------------------------------------    -------------------
                         (clock sys_clk_pin rise edge)
                                                      0.000     0.000 r  
    W5                                                0.000     0.000 r  clk (IN)
                         net (fo=0)                   0.000     0.000    clk
    W5                   IBUF (Prop_ibuf_I_O)         0.226     0.226 r  clk_IBUF_inst/O
                         net (fo=1, routed)           0.631     0.858    clk_IBUF
    BUFGCTRL_X0Y0        BUFG (Prop_bufg_I_O)         0.026     0.884 r  clk_IBUF_BUFG_inst/O
                         net (fo=32, routed)          0.591     1.474    clk_IBUF_BUFG
    SLICE_X63Y61         FDPE                                         r  bit_ptr_reg[2]/C
  -------------------------------------------------------------------    -------------------
    SLICE_X63Y61         FDPE (Prop_fdpe_C_Q)         0.141     1.615 r  bit_ptr_reg[2]/Q
                         net (fo=5, routed)           0.354     1.969    bit_idx_OBUF[2]
    P1                   OBUF (Prop_obuf_I_O)         1.216     3.186 r  bit_idx_OBUF[2]_inst/O
                         net (fo=0)                   0.000     3.186    bit_idx[2]
    P1                                                                r  bit_idx[2] (OUT)
  -------------------------------------------------------------------    -------------------

Slack:                    inf
  Source:                 bit_ptr_reg[1]/C
                            (rising edge-triggered cell FDPE clocked by sys_clk_pin  {rise@0.000ns fall@5.000ns period=10.000ns})
  Destination:            bit_idx[1]
                            (output port)
  Path Group:             (none)
  Path Type:              Min at Fast Process Corner
  Data Path Delay:        1.987ns  (logic 1.390ns (69.966%)  route 0.597ns (30.034%))
  Logic Levels:           1  (OBUF=1)
  Clock Uncertainty:      0.025ns  ((TSJ^2 + TIJ^2)^1/2 + DJ) / 2 + PE
    Total System Jitter     (TSJ):    0.050ns
    Total Input Jitter      (TIJ):    0.000ns
    Discrete Jitter          (DJ):    0.000ns
    Phase Error              (PE):    0.000ns

    Location             Delay type                Incr(ns)  Path(ns)    Netlist Resource(s)
  -------------------------------------------------------------------    -------------------
                         (clock sys_clk_pin rise edge)
                                                      0.000     0.000 r  
    W5                                                0.000     0.000 r  clk (IN)
                         net (fo=0)                   0.000     0.000    clk
    W5                   IBUF (Prop_ibuf_I_O)         0.226     0.226 r  clk_IBUF_inst/O
                         net (fo=1, routed)           0.631     0.858    clk_IBUF
    BUFGCTRL_X0Y0        BUFG (Prop_bufg_I_O)         0.026     0.884 r  clk_IBUF_BUFG_inst/O
                         net (fo=32, routed)          0.591     1.474    clk_IBUF_BUFG
    SLICE_X62Y61         FDPE                                         r  bit_ptr_reg[1]/C
  -------------------------------------------------------------------    -------------------
    SLICE_X62Y61         FDPE (Prop_fdpe_C_Q)         0.128     1.602 r  bit_ptr_reg[1]/Q
                         net (fo=8, routed)           0.597     2.199    bit_idx_OBUF[1]
    N3                   OBUF (Prop_obuf_I_O)         1.262     3.462 r  bit_idx_OBUF[1]_inst/O
                         net (fo=0)                   0.000     3.462    bit_idx[1]
    N3                                                                r  bit_idx[1] (OUT)
  -------------------------------------------------------------------    -------------------

Slack:                    inf
  Source:                 bit_ptr_reg[0]/C
                            (rising edge-triggered cell FDPE clocked by sys_clk_pin  {rise@0.000ns fall@5.000ns period=10.000ns})
  Destination:            bit_idx[0]
                            (output port)
  Path Group:             (none)
  Path Type:              Min at Fast Process Corner
  Data Path Delay:        2.084ns  (logic 1.360ns (65.277%)  route 0.723ns (34.723%))
  Logic Levels:           1  (OBUF=1)
  Clock Uncertainty:      0.025ns  ((TSJ^2 + TIJ^2)^1/2 + DJ) / 2 + PE
    Total System Jitter     (TSJ):    0.050ns
    Total Input Jitter      (TIJ):    0.000ns
    Discrete Jitter          (DJ):    0.000ns
    Phase Error              (PE):    0.000ns

    Location             Delay type                Incr(ns)  Path(ns)    Netlist Resource(s)
  -------------------------------------------------------------------    -------------------
                         (clock sys_clk_pin rise edge)
                                                      0.000     0.000 r  
    W5                                                0.000     0.000 r  clk (IN)
                         net (fo=0)                   0.000     0.000    clk
    W5                   IBUF (Prop_ibuf_I_O)         0.226     0.226 r  clk_IBUF_inst/O
                         net (fo=1, routed)           0.631     0.858    clk_IBUF
    BUFGCTRL_X0Y0        BUFG (Prop_bufg_I_O)         0.026     0.884 r  clk_IBUF_BUFG_inst/O
                         net (fo=32, routed)          0.591     1.474    clk_IBUF_BUFG
    SLICE_X62Y61         FDPE                                         r  bit_ptr_reg[0]/C
  -------------------------------------------------------------------    -------------------
    SLICE_X62Y61         FDPE (Prop_fdpe_C_Q)         0.141     1.615 r  bit_ptr_reg[0]/Q
                         net (fo=9, routed)           0.723     2.339    bit_idx_OBUF[0]
    P3                   OBUF (Prop_obuf_I_O)         1.219     3.558 r  bit_idx_OBUF[0]_inst/O
                         net (fo=0)                   0.000     3.558    bit_idx[0]
    P3                                                                r  bit_idx[0] (OUT)
  -------------------------------------------------------------------    -------------------

Slack:                    inf
  Source:                 bit_ptr_reg[3]/C
                            (rising edge-triggered cell FDPE clocked by sys_clk_pin  {rise@0.000ns fall@5.000ns period=10.000ns})
  Destination:            bit_idx[3]
                            (output port)
  Path Group:             (none)
  Path Type:              Min at Fast Process Corner
  Data Path Delay:        2.165ns  (logic 1.404ns (64.883%)  route 0.760ns (35.117%))
  Logic Levels:           1  (OBUF=1)
  Clock Uncertainty:      0.025ns  ((TSJ^2 + TIJ^2)^1/2 + DJ) / 2 + PE
    Total System Jitter     (TSJ):    0.050ns
    Total Input Jitter      (TIJ):    0.000ns
    Discrete Jitter          (DJ):    0.000ns
    Phase Error              (PE):    0.000ns

    Location             Delay type                Incr(ns)  Path(ns)    Netlist Resource(s)
  -------------------------------------------------------------------    -------------------
                         (clock sys_clk_pin rise edge)
                                                      0.000     0.000 r  
    W5                                                0.000     0.000 r  clk (IN)
                         net (fo=0)                   0.000     0.000    clk
    W5                   IBUF (Prop_ibuf_I_O)         0.226     0.226 r  clk_IBUF_inst/O
                         net (fo=1, routed)           0.631     0.858    clk_IBUF
    BUFGCTRL_X0Y0        BUFG (Prop_bufg_I_O)         0.026     0.884 r  clk_IBUF_BUFG_inst/O
                         net (fo=32, routed)          0.591     1.474    clk_IBUF_BUFG
    SLICE_X63Y61         FDPE                                         r  bit_ptr_reg[3]/C
  -------------------------------------------------------------------    -------------------
    SLICE_X63Y61         FDPE (Prop_fdpe_C_Q)         0.128     1.602 r  bit_ptr_reg[3]/Q
                         net (fo=3, routed)           0.760     2.362    bit_idx_OBUF[3]
    L1                   OBUF (Prop_obuf_I_O)         1.276     3.639 r  bit_idx_OBUF[3]_inst/O
                         net (fo=0)                   0.000     3.639    bit_idx[3]
    L1                                                                r  bit_idx[3] (OUT)
  -------------------------------------------------------------------    -------------------

Slack:                    inf
  Source:                 current_lvl_reg/C
                            (rising edge-triggered cell FDCE clocked by sys_clk_pin  {rise@0.000ns fall@5.000ns period=10.000ns})
  Destination:            nrz_out
                            (output port)
  Path Group:             (none)
  Path Type:              Min at Fast Process Corner
  Data Path Delay:        3.274ns  (logic 1.347ns (41.143%)  route 1.927ns (58.857%))
  Logic Levels:           1  (OBUF=1)
  Clock Uncertainty:      0.025ns  ((TSJ^2 + TIJ^2)^1/2 + DJ) / 2 + PE
    Total System Jitter     (TSJ):    0.050ns
    Total Input Jitter      (TIJ):    0.000ns
    Discrete Jitter          (DJ):    0.000ns
    Phase Error              (PE):    0.000ns

    Location             Delay type                Incr(ns)  Path(ns)    Netlist Resource(s)
  -------------------------------------------------------------------    -------------------
                         (clock sys_clk_pin rise edge)
                                                      0.000     0.000 r  
    W5                                                0.000     0.000 r  clk (IN)
                         net (fo=0)                   0.000     0.000    clk
    W5                   IBUF (Prop_ibuf_I_O)         0.226     0.226 r  clk_IBUF_inst/O
                         net (fo=1, routed)           0.631     0.858    clk_IBUF
    BUFGCTRL_X0Y0        BUFG (Prop_bufg_I_O)         0.026     0.884 r  clk_IBUF_BUFG_inst/O
                         net (fo=32, routed)          0.595     1.478    clk_IBUF_BUFG
    SLICE_X63Y45         FDCE                                         r  current_lvl_reg/C
  -------------------------------------------------------------------    -------------------
    SLICE_X63Y45         FDCE (Prop_fdce_C_Q)         0.141     1.619 r  current_lvl_reg/Q
                         net (fo=2, routed)           1.927     3.546    nrz_out_OBUF
    U16                  OBUF (Prop_obuf_I_O)         1.206     4.752 r  nrz_out_OBUF_inst/O
                         net (fo=0)                   0.000     4.752    nrz_out
    U16                                                               r  nrz_out (OUT)
  -------------------------------------------------------------------    -------------------





--------------------------------------------------------------------------------------
Path Group:  (none)
From Clock:  
  To Clock:  sys_clk_pin

Max Delay            33 Endpoints
Min Delay            33 Endpoints
--------------------------------------------------------------------------------------


Max Delay Paths
--------------------------------------------------------------------------------------
Slack:                    inf
  Source:                 reset
                            (input port)
  Destination:            tick_counter_reg[24]/CLR
                            (recovery check against rising-edge clock sys_clk_pin  {rise@0.000ns fall@5.000ns period=10.000ns})
  Path Group:             (none)
  Path Type:              Recovery (Max at Slow Process Corner)
  Data Path Delay:        7.444ns  (logic 1.441ns (19.363%)  route 6.002ns (80.637%))
  Logic Levels:           1  (IBUF=1)
  Clock Path Skew:        4.836ns (DCD - SCD + CPR)
    Destination Clock Delay (DCD):    4.836ns
    Source Clock Delay      (SCD):    0.000ns
    Clock Pessimism Removal (CPR):    0.000ns
  Clock Uncertainty:      0.025ns  ((TSJ^2 + TIJ^2)^1/2 + DJ) / 2 + PE
    Total System Jitter     (TSJ):    0.050ns
    Total Input Jitter      (TIJ):    0.000ns
    Discrete Jitter          (DJ):    0.000ns
    Phase Error              (PE):    0.000ns

    Location             Delay type                Incr(ns)  Path(ns)    Netlist Resource(s)
  -------------------------------------------------------------------    -------------------
    U18                                               0.000     0.000 f  reset (IN)
                         net (fo=0)                   0.000     0.000    reset
    U18                  IBUF (Prop_ibuf_I_O)         1.441     1.441 f  reset_IBUF_inst/O
                         net (fo=32, routed)          6.002     7.444    reset_IBUF
    SLICE_X62Y77         FDCE                                         f  tick_counter_reg[24]/CLR
  -------------------------------------------------------------------    -------------------

                         (clock sys_clk_pin rise edge)
                                                      0.000     0.000 r  
    W5                                                0.000     0.000 r  clk (IN)
                         net (fo=0)                   0.000     0.000    clk
    W5                   IBUF (Prop_ibuf_I_O)         1.388     1.388 r  clk_IBUF_inst/O
                         net (fo=1, routed)           1.862     3.250    clk_IBUF
    BUFGCTRL_X0Y0        BUFG (Prop_bufg_I_O)         0.091     3.341 r  clk_IBUF_BUFG_inst/O
                         net (fo=32, routed)          1.495     4.836    clk_IBUF_BUFG
    SLICE_X62Y77         FDCE                                         r  tick_counter_reg[24]/C

Slack:                    inf
  Source:                 reset
                            (input port)
  Destination:            tick_counter_reg[25]/CLR
                            (recovery check against rising-edge clock sys_clk_pin  {rise@0.000ns fall@5.000ns period=10.000ns})
  Path Group:             (none)
  Path Type:              Recovery (Max at Slow Process Corner)
  Data Path Delay:        7.444ns  (logic 1.441ns (19.363%)  route 6.002ns (80.637%))
  Logic Levels:           1  (IBUF=1)
  Clock Path Skew:        4.836ns (DCD - SCD + CPR)
    Destination Clock Delay (DCD):    4.836ns
    Source Clock Delay      (SCD):    0.000ns
    Clock Pessimism Removal (CPR):    0.000ns
  Clock Uncertainty:      0.025ns  ((TSJ^2 + TIJ^2)^1/2 + DJ) / 2 + PE
    Total System Jitter     (TSJ):    0.050ns
    Total Input Jitter      (TIJ):    0.000ns
    Discrete Jitter          (DJ):    0.000ns
    Phase Error              (PE):    0.000ns

    Location             Delay type                Incr(ns)  Path(ns)    Netlist Resource(s)
  -------------------------------------------------------------------    -------------------
    U18                                               0.000     0.000 f  reset (IN)
                         net (fo=0)                   0.000     0.000    reset
    U18                  IBUF (Prop_ibuf_I_O)         1.441     1.441 f  reset_IBUF_inst/O
                         net (fo=32, routed)          6.002     7.444    reset_IBUF
    SLICE_X62Y77         FDCE                                         f  tick_counter_reg[25]/CLR
  -------------------------------------------------------------------    -------------------

                         (clock sys_clk_pin rise edge)
                                                      0.000     0.000 r  
    W5                                                0.000     0.000 r  clk (IN)
                         net (fo=0)                   0.000     0.000    clk
    W5                   IBUF (Prop_ibuf_I_O)         1.388     1.388 r  clk_IBUF_inst/O
                         net (fo=1, routed)           1.862     3.250    clk_IBUF
    BUFGCTRL_X0Y0        BUFG (Prop_bufg_I_O)         0.091     3.341 r  clk_IBUF_BUFG_inst/O
                         net (fo=32, routed)          1.495     4.836    clk_IBUF_BUFG
    SLICE_X62Y77         FDCE                                         r  tick_counter_reg[25]/C

Slack:                    inf
  Source:                 reset
                            (input port)
  Destination:            tick_counter_reg[26]/CLR
                            (recovery check against rising-edge clock sys_clk_pin  {rise@0.000ns fall@5.000ns period=10.000ns})
  Path Group:             (none)
  Path Type:              Recovery (Max at Slow Process Corner)
  Data Path Delay:        7.444ns  (logic 1.441ns (19.363%)  route 6.002ns (80.637%))
  Logic Levels:           1  (IBUF=1)
  Clock Path Skew:        4.836ns (DCD - SCD + CPR)
    Destination Clock Delay (DCD):    4.836ns
    Source Clock Delay      (SCD):    0.000ns
    Clock Pessimism Removal (CPR):    0.000ns
  Clock Uncertainty:      0.025ns  ((TSJ^2 + TIJ^2)^1/2 + DJ) / 2 + PE
    Total System Jitter     (TSJ):    0.050ns
    Total Input Jitter      (TIJ):    0.000ns
    Discrete Jitter          (DJ):    0.000ns
    Phase Error              (PE):    0.000ns

    Location             Delay type                Incr(ns)  Path(ns)    Netlist Resource(s)
  -------------------------------------------------------------------    -------------------
    U18                                               0.000     0.000 f  reset (IN)
                         net (fo=0)                   0.000     0.000    reset
    U18                  IBUF (Prop_ibuf_I_O)         1.441     1.441 f  reset_IBUF_inst/O
                         net (fo=32, routed)          6.002     7.444    reset_IBUF
    SLICE_X62Y77         FDCE                                         f  tick_counter_reg[26]/CLR
  -------------------------------------------------------------------    -------------------

                         (clock sys_clk_pin rise edge)
                                                      0.000     0.000 r  
    W5                                                0.000     0.000 r  clk (IN)
                         net (fo=0)                   0.000     0.000    clk
    W5                   IBUF (Prop_ibuf_I_O)         1.388     1.388 r  clk_IBUF_inst/O
                         net (fo=1, routed)           1.862     3.250    clk_IBUF
    BUFGCTRL_X0Y0        BUFG (Prop_bufg_I_O)         0.091     3.341 r  clk_IBUF_BUFG_inst/O
                         net (fo=32, routed)          1.495     4.836    clk_IBUF_BUFG
    SLICE_X62Y77         FDCE                                         r  tick_counter_reg[26]/C

Slack:                    inf
  Source:                 reset
                            (input port)
  Destination:            tick_counter_reg[20]/CLR
                            (recovery check against rising-edge clock sys_clk_pin  {rise@0.000ns fall@5.000ns period=10.000ns})
  Path Group:             (none)
  Path Type:              Recovery (Max at Slow Process Corner)
  Data Path Delay:        7.302ns  (logic 1.441ns (19.739%)  route 5.860ns (80.261%))
  Logic Levels:           1  (IBUF=1)
  Clock Path Skew:        4.835ns (DCD - SCD + CPR)
    Destination Clock Delay (DCD):    4.835ns
    Source Clock Delay      (SCD):    0.000ns
    Clock Pessimism Removal (CPR):    0.000ns
  Clock Uncertainty:      0.025ns  ((TSJ^2 + TIJ^2)^1/2 + DJ) / 2 + PE
    Total System Jitter     (TSJ):    0.050ns
    Total Input Jitter      (TIJ):    0.000ns
    Discrete Jitter          (DJ):    0.000ns
    Phase Error              (PE):    0.000ns

    Location             Delay type                Incr(ns)  Path(ns)    Netlist Resource(s)
  -------------------------------------------------------------------    -------------------
    U18                                               0.000     0.000 f  reset (IN)
                         net (fo=0)                   0.000     0.000    reset
    U18                  IBUF (Prop_ibuf_I_O)         1.441     1.441 f  reset_IBUF_inst/O
                         net (fo=32, routed)          5.860     7.302    reset_IBUF
    SLICE_X62Y76         FDCE                                         f  tick_counter_reg[20]/CLR
  -------------------------------------------------------------------    -------------------

                         (clock sys_clk_pin rise edge)
                                                      0.000     0.000 r  
    W5                                                0.000     0.000 r  clk (IN)
                         net (fo=0)                   0.000     0.000    clk
    W5                   IBUF (Prop_ibuf_I_O)         1.388     1.388 r  clk_IBUF_inst/O
                         net (fo=1, routed)           1.862     3.250    clk_IBUF
    BUFGCTRL_X0Y0        BUFG (Prop_bufg_I_O)         0.091     3.341 r  clk_IBUF_BUFG_inst/O
                         net (fo=32, routed)          1.494     4.835    clk_IBUF_BUFG
    SLICE_X62Y76         FDCE                                         r  tick_counter_reg[20]/C

Slack:                    inf
  Source:                 reset
                            (input port)
  Destination:            tick_counter_reg[21]/CLR
                            (recovery check against rising-edge clock sys_clk_pin  {rise@0.000ns fall@5.000ns period=10.000ns})
  Path Group:             (none)
  Path Type:              Recovery (Max at Slow Process Corner)
  Data Path Delay:        7.302ns  (logic 1.441ns (19.739%)  route 5.860ns (80.261%))
  Logic Levels:           1  (IBUF=1)
  Clock Path Skew:        4.835ns (DCD - SCD + CPR)
    Destination Clock Delay (DCD):    4.835ns
    Source Clock Delay      (SCD):    0.000ns
    Clock Pessimism Removal (CPR):    0.000ns
  Clock Uncertainty:      0.025ns  ((TSJ^2 + TIJ^2)^1/2 + DJ) / 2 + PE
    Total System Jitter     (TSJ):    0.050ns
    Total Input Jitter      (TIJ):    0.000ns
    Discrete Jitter          (DJ):    0.000ns
    Phase Error              (PE):    0.000ns

    Location             Delay type                Incr(ns)  Path(ns)    Netlist Resource(s)
  -------------------------------------------------------------------    -------------------
    U18                                               0.000     0.000 f  reset (IN)
                         net (fo=0)                   0.000     0.000    reset
    U18                  IBUF (Prop_ibuf_I_O)         1.441     1.441 f  reset_IBUF_inst/O
                         net (fo=32, routed)          5.860     7.302    reset_IBUF
    SLICE_X62Y76         FDCE                                         f  tick_counter_reg[21]/CLR
  -------------------------------------------------------------------    -------------------

                         (clock sys_clk_pin rise edge)
                                                      0.000     0.000 r  
    W5                                                0.000     0.000 r  clk (IN)
                         net (fo=0)                   0.000     0.000    clk
    W5                   IBUF (Prop_ibuf_I_O)         1.388     1.388 r  clk_IBUF_inst/O
                         net (fo=1, routed)           1.862     3.250    clk_IBUF
    BUFGCTRL_X0Y0        BUFG (Prop_bufg_I_O)         0.091     3.341 r  clk_IBUF_BUFG_inst/O
                         net (fo=32, routed)          1.494     4.835    clk_IBUF_BUFG
    SLICE_X62Y76         FDCE                                         r  tick_counter_reg[21]/C

Slack:                    inf
  Source:                 reset
                            (input port)
  Destination:            tick_counter_reg[22]/CLR
                            (recovery check against rising-edge clock sys_clk_pin  {rise@0.000ns fall@5.000ns period=10.000ns})
  Path Group:             (none)
  Path Type:              Recovery (Max at Slow Process Corner)
  Data Path Delay:        7.302ns  (logic 1.441ns (19.739%)  route 5.860ns (80.261%))
  Logic Levels:           1  (IBUF=1)
  Clock Path Skew:        4.835ns (DCD - SCD + CPR)
    Destination Clock Delay (DCD):    4.835ns
    Source Clock Delay      (SCD):    0.000ns
    Clock Pessimism Removal (CPR):    0.000ns
  Clock Uncertainty:      0.025ns  ((TSJ^2 + TIJ^2)^1/2 + DJ) / 2 + PE
    Total System Jitter     (TSJ):    0.050ns
    Total Input Jitter      (TIJ):    0.000ns
    Discrete Jitter          (DJ):    0.000ns
    Phase Error              (PE):    0.000ns

    Location             Delay type                Incr(ns)  Path(ns)    Netlist Resource(s)
  -------------------------------------------------------------------    -------------------
    U18                                               0.000     0.000 f  reset (IN)
                         net (fo=0)                   0.000     0.000    reset
    U18                  IBUF (Prop_ibuf_I_O)         1.441     1.441 f  reset_IBUF_inst/O
                         net (fo=32, routed)          5.860     7.302    reset_IBUF
    SLICE_X62Y76         FDCE                                         f  tick_counter_reg[22]/CLR
  -------------------------------------------------------------------    -------------------

                         (clock sys_clk_pin rise edge)
                                                      0.000     0.000 r  
    W5                                                0.000     0.000 r  clk (IN)
                         net (fo=0)                   0.000     0.000    clk
    W5                   IBUF (Prop_ibuf_I_O)         1.388     1.388 r  clk_IBUF_inst/O
                         net (fo=1, routed)           1.862     3.250    clk_IBUF
    BUFGCTRL_X0Y0        BUFG (Prop_bufg_I_O)         0.091     3.341 r  clk_IBUF_BUFG_inst/O
                         net (fo=32, routed)          1.494     4.835    clk_IBUF_BUFG
    SLICE_X62Y76         FDCE                                         r  tick_counter_reg[22]/C

Slack:                    inf
  Source:                 reset
                            (input port)
  Destination:            tick_counter_reg[23]/CLR
                            (recovery check against rising-edge clock sys_clk_pin  {rise@0.000ns fall@5.000ns period=10.000ns})
  Path Group:             (none)
  Path Type:              Recovery (Max at Slow Process Corner)
  Data Path Delay:        7.302ns  (logic 1.441ns (19.739%)  route 5.860ns (80.261%))
  Logic Levels:           1  (IBUF=1)
  Clock Path Skew:        4.835ns (DCD - SCD + CPR)
    Destination Clock Delay (DCD):    4.835ns
    Source Clock Delay      (SCD):    0.000ns
    Clock Pessimism Removal (CPR):    0.000ns
  Clock Uncertainty:      0.025ns  ((TSJ^2 + TIJ^2)^1/2 + DJ) / 2 + PE
    Total System Jitter     (TSJ):    0.050ns
    Total Input Jitter      (TIJ):    0.000ns
    Discrete Jitter          (DJ):    0.000ns
    Phase Error              (PE):    0.000ns

    Location             Delay type                Incr(ns)  Path(ns)    Netlist Resource(s)
  -------------------------------------------------------------------    -------------------
    U18                                               0.000     0.000 f  reset (IN)
                         net (fo=0)                   0.000     0.000    reset
    U18                  IBUF (Prop_ibuf_I_O)         1.441     1.441 f  reset_IBUF_inst/O
                         net (fo=32, routed)          5.860     7.302    reset_IBUF
    SLICE_X62Y76         FDCE                                         f  tick_counter_reg[23]/CLR
  -------------------------------------------------------------------    -------------------

                         (clock sys_clk_pin rise edge)
                                                      0.000     0.000 r  
    W5                                                0.000     0.000 r  clk (IN)
                         net (fo=0)                   0.000     0.000    clk
    W5                   IBUF (Prop_ibuf_I_O)         1.388     1.388 r  clk_IBUF_inst/O
                         net (fo=1, routed)           1.862     3.250    clk_IBUF
    BUFGCTRL_X0Y0        BUFG (Prop_bufg_I_O)         0.091     3.341 r  clk_IBUF_BUFG_inst/O
                         net (fo=32, routed)          1.494     4.835    clk_IBUF_BUFG
    SLICE_X62Y76         FDCE                                         r  tick_counter_reg[23]/C

Slack:                    inf
  Source:                 reset
                            (input port)
  Destination:            tick_counter_reg[16]/CLR
                            (recovery check against rising-edge clock sys_clk_pin  {rise@0.000ns fall@5.000ns period=10.000ns})
  Path Group:             (none)
  Path Type:              Recovery (Max at Slow Process Corner)
  Data Path Delay:        7.150ns  (logic 1.441ns (20.158%)  route 5.709ns (79.842%))
  Logic Levels:           1  (IBUF=1)
  Clock Path Skew:        4.833ns (DCD - SCD + CPR)
    Destination Clock Delay (DCD):    4.833ns
    Source Clock Delay      (SCD):    0.000ns
    Clock Pessimism Removal (CPR):    0.000ns
  Clock Uncertainty:      0.025ns  ((TSJ^2 + TIJ^2)^1/2 + DJ) / 2 + PE
    Total System Jitter     (TSJ):    0.050ns
    Total Input Jitter      (TIJ):    0.000ns
    Discrete Jitter          (DJ):    0.000ns
    Phase Error              (PE):    0.000ns

    Location             Delay type                Incr(ns)  Path(ns)    Netlist Resource(s)
  -------------------------------------------------------------------    -------------------
    U18                                               0.000     0.000 f  reset (IN)
                         net (fo=0)                   0.000     0.000    reset
    U18                  IBUF (Prop_ibuf_I_O)         1.441     1.441 f  reset_IBUF_inst/O
                         net (fo=32, routed)          5.709     7.150    reset_IBUF
    SLICE_X62Y75         FDCE                                         f  tick_counter_reg[16]/CLR
  -------------------------------------------------------------------    -------------------

                         (clock sys_clk_pin rise edge)
                                                      0.000     0.000 r  
    W5                                                0.000     0.000 r  clk (IN)
                         net (fo=0)                   0.000     0.000    clk
    W5                   IBUF (Prop_ibuf_I_O)         1.388     1.388 r  clk_IBUF_inst/O
                         net (fo=1, routed)           1.862     3.250    clk_IBUF
    BUFGCTRL_X0Y0        BUFG (Prop_bufg_I_O)         0.091     3.341 r  clk_IBUF_BUFG_inst/O
                         net (fo=32, routed)          1.492     4.833    clk_IBUF_BUFG
    SLICE_X62Y75         FDCE                                         r  tick_counter_reg[16]/C

Slack:                    inf
  Source:                 reset
                            (input port)
  Destination:            tick_counter_reg[17]/CLR
                            (recovery check against rising-edge clock sys_clk_pin  {rise@0.000ns fall@5.000ns period=10.000ns})
  Path Group:             (none)
  Path Type:              Recovery (Max at Slow Process Corner)
  Data Path Delay:        7.150ns  (logic 1.441ns (20.158%)  route 5.709ns (79.842%))
  Logic Levels:           1  (IBUF=1)
  Clock Path Skew:        4.833ns (DCD - SCD + CPR)
    Destination Clock Delay (DCD):    4.833ns
    Source Clock Delay      (SCD):    0.000ns
    Clock Pessimism Removal (CPR):    0.000ns
  Clock Uncertainty:      0.025ns  ((TSJ^2 + TIJ^2)^1/2 + DJ) / 2 + PE
    Total System Jitter     (TSJ):    0.050ns
    Total Input Jitter      (TIJ):    0.000ns
    Discrete Jitter          (DJ):    0.000ns
    Phase Error              (PE):    0.000ns

    Location             Delay type                Incr(ns)  Path(ns)    Netlist Resource(s)
  -------------------------------------------------------------------    -------------------
    U18                                               0.000     0.000 f  reset (IN)
                         net (fo=0)                   0.000     0.000    reset
    U18                  IBUF (Prop_ibuf_I_O)         1.441     1.441 f  reset_IBUF_inst/O
                         net (fo=32, routed)          5.709     7.150    reset_IBUF
    SLICE_X62Y75         FDCE                                         f  tick_counter_reg[17]/CLR
  -------------------------------------------------------------------    -------------------

                         (clock sys_clk_pin rise edge)
                                                      0.000     0.000 r  
    W5                                                0.000     0.000 r  clk (IN)
                         net (fo=0)                   0.000     0.000    clk
    W5                   IBUF (Prop_ibuf_I_O)         1.388     1.388 r  clk_IBUF_inst/O
                         net (fo=1, routed)           1.862     3.250    clk_IBUF
    BUFGCTRL_X0Y0        BUFG (Prop_bufg_I_O)         0.091     3.341 r  clk_IBUF_BUFG_inst/O
                         net (fo=32, routed)          1.492     4.833    clk_IBUF_BUFG
    SLICE_X62Y75         FDCE                                         r  tick_counter_reg[17]/C

Slack:                    inf
  Source:                 reset
                            (input port)
  Destination:            tick_counter_reg[18]/CLR
                            (recovery check against rising-edge clock sys_clk_pin  {rise@0.000ns fall@5.000ns period=10.000ns})
  Path Group:             (none)
  Path Type:              Recovery (Max at Slow Process Corner)
  Data Path Delay:        7.150ns  (logic 1.441ns (20.158%)  route 5.709ns (79.842%))
  Logic Levels:           1  (IBUF=1)
  Clock Path Skew:        4.833ns (DCD - SCD + CPR)
    Destination Clock Delay (DCD):    4.833ns
    Source Clock Delay      (SCD):    0.000ns
    Clock Pessimism Removal (CPR):    0.000ns
  Clock Uncertainty:      0.025ns  ((TSJ^2 + TIJ^2)^1/2 + DJ) / 2 + PE
    Total System Jitter     (TSJ):    0.050ns
    Total Input Jitter      (TIJ):    0.000ns
    Discrete Jitter          (DJ):    0.000ns
    Phase Error              (PE):    0.000ns

    Location             Delay type                Incr(ns)  Path(ns)    Netlist Resource(s)
  -------------------------------------------------------------------    -------------------
    U18                                               0.000     0.000 f  reset (IN)
                         net (fo=0)                   0.000     0.000    reset
    U18                  IBUF (Prop_ibuf_I_O)         1.441     1.441 f  reset_IBUF_inst/O
                         net (fo=32, routed)          5.709     7.150    reset_IBUF
    SLICE_X62Y75         FDCE                                         f  tick_counter_reg[18]/CLR
  -------------------------------------------------------------------    -------------------

                         (clock sys_clk_pin rise edge)
                                                      0.000     0.000 r  
    W5                                                0.000     0.000 r  clk (IN)
                         net (fo=0)                   0.000     0.000    clk
    W5                   IBUF (Prop_ibuf_I_O)         1.388     1.388 r  clk_IBUF_inst/O
                         net (fo=1, routed)           1.862     3.250    clk_IBUF
    BUFGCTRL_X0Y0        BUFG (Prop_bufg_I_O)         0.091     3.341 r  clk_IBUF_BUFG_inst/O
                         net (fo=32, routed)          1.492     4.833    clk_IBUF_BUFG
    SLICE_X62Y75         FDCE                                         r  tick_counter_reg[18]/C





Min Delay Paths
--------------------------------------------------------------------------------------
Slack:                    inf
  Source:                 data_in[9]
                            (input port)
  Destination:            current_lvl_reg/D
                            (rising edge-triggered cell FDCE clocked by sys_clk_pin  {rise@0.000ns fall@5.000ns period=10.000ns})
  Path Group:             (none)
  Path Type:              Hold (Min at Fast Process Corner)
  Data Path Delay:        1.041ns  (logic 0.435ns (41.828%)  route 0.605ns (58.172%))
  Logic Levels:           4  (IBUF=1 LUT6=2 MUXF7=1)
  Clock Path Skew:        1.993ns (DCD - SCD - CPR)
    Destination Clock Delay (DCD):    1.993ns
    Source Clock Delay      (SCD):    0.000ns
    Clock Pessimism Removal (CPR):    -0.000ns

    Location             Delay type                Incr(ns)  Path(ns)    Netlist Resource(s)
  -------------------------------------------------------------------    -------------------
    T3                                                0.000     0.000 r  data_in[9] (IN)
                         net (fo=0)                   0.000     0.000    data_in[9]
    T3                   IBUF (Prop_ibuf_I_O)         0.220     0.220 r  data_in_IBUF[9]_inst/O
                         net (fo=1, routed)           0.336     0.556    data_in_IBUF[9]
    SLICE_X65Y45         LUT6 (Prop_lut6_I3_O)        0.045     0.601 r  current_lvl_i_6/O
                         net (fo=1, routed)           0.000     0.601    current_lvl_i_6_n_0
    SLICE_X65Y45         MUXF7 (Prop_muxf7_I0_O)      0.062     0.663 r  current_lvl_reg_i_2/O
                         net (fo=1, routed)           0.270     0.933    current_lvl_reg_i_2_n_0
    SLICE_X63Y45         LUT6 (Prop_lut6_I1_O)        0.108     1.041 r  current_lvl_i_1/O
                         net (fo=1, routed)           0.000     1.041    current_lvl
    SLICE_X63Y45         FDCE                                         r  current_lvl_reg/D
  -------------------------------------------------------------------    -------------------

                         (clock sys_clk_pin rise edge)
                                                      0.000     0.000 r  
    W5                                                0.000     0.000 r  clk (IN)
                         net (fo=0)                   0.000     0.000    clk
    W5                   IBUF (Prop_ibuf_I_O)         0.414     0.414 r  clk_IBUF_inst/O
                         net (fo=1, routed)           0.685     1.099    clk_IBUF
    BUFGCTRL_X0Y0        BUFG (Prop_bufg_I_O)         0.029     1.128 r  clk_IBUF_BUFG_inst/O
                         net (fo=32, routed)          0.866     1.993    clk_IBUF_BUFG
    SLICE_X63Y45         FDCE                                         r  current_lvl_reg/C

Slack:                    inf
  Source:                 reset
                            (input port)
  Destination:            current_lvl_reg/CLR
                            (removal check against rising-edge clock sys_clk_pin  {rise@0.000ns fall@5.000ns period=10.000ns})
  Path Group:             (none)
  Path Type:              Removal (Min at Fast Process Corner)
  Data Path Delay:        1.970ns  (logic 0.210ns (10.638%)  route 1.760ns (89.362%))
  Logic Levels:           1  (IBUF=1)
  Clock Path Skew:        1.993ns (DCD - SCD - CPR)
    Destination Clock Delay (DCD):    1.993ns
    Source Clock Delay      (SCD):    0.000ns
    Clock Pessimism Removal (CPR):    -0.000ns

    Location             Delay type                Incr(ns)  Path(ns)    Netlist Resource(s)
  -------------------------------------------------------------------    -------------------
    U18                                               0.000     0.000 f  reset (IN)
                         net (fo=0)                   0.000     0.000    reset
    U18                  IBUF (Prop_ibuf_I_O)         0.210     0.210 f  reset_IBUF_inst/O
                         net (fo=32, routed)          1.760     1.970    reset_IBUF
    SLICE_X63Y45         FDCE                                         f  current_lvl_reg/CLR
  -------------------------------------------------------------------    -------------------

                         (clock sys_clk_pin rise edge)
                                                      0.000     0.000 r  
    W5                                                0.000     0.000 r  clk (IN)
                         net (fo=0)                   0.000     0.000    clk
    W5                   IBUF (Prop_ibuf_I_O)         0.414     0.414 r  clk_IBUF_inst/O
                         net (fo=1, routed)           0.685     1.099    clk_IBUF
    BUFGCTRL_X0Y0        BUFG (Prop_bufg_I_O)         0.029     1.128 r  clk_IBUF_BUFG_inst/O
                         net (fo=32, routed)          0.866     1.993    clk_IBUF_BUFG
    SLICE_X63Y45         FDCE                                         r  current_lvl_reg/C

Slack:                    inf
  Source:                 reset
                            (input port)
  Destination:            bit_ptr_reg[2]/PRE
                            (removal check against rising-edge clock sys_clk_pin  {rise@0.000ns fall@5.000ns period=10.000ns})
  Path Group:             (none)
  Path Type:              Removal (Min at Fast Process Corner)
  Data Path Delay:        2.239ns  (logic 0.210ns (9.357%)  route 2.030ns (90.643%))
  Logic Levels:           1  (IBUF=1)
  Clock Path Skew:        1.989ns (DCD - SCD - CPR)
    Destination Clock Delay (DCD):    1.989ns
    Source Clock Delay      (SCD):    0.000ns
    Clock Pessimism Removal (CPR):    -0.000ns

    Location             Delay type                Incr(ns)  Path(ns)    Netlist Resource(s)
  -------------------------------------------------------------------    -------------------
    U18                                               0.000     0.000 f  reset (IN)
                         net (fo=0)                   0.000     0.000    reset
    U18                  IBUF (Prop_ibuf_I_O)         0.210     0.210 f  reset_IBUF_inst/O
                         net (fo=32, routed)          2.030     2.239    reset_IBUF
    SLICE_X63Y61         FDPE                                         f  bit_ptr_reg[2]/PRE
  -------------------------------------------------------------------    -------------------

                         (clock sys_clk_pin rise edge)
                                                      0.000     0.000 r  
    W5                                                0.000     0.000 r  clk (IN)
                         net (fo=0)                   0.000     0.000    clk
    W5                   IBUF (Prop_ibuf_I_O)         0.414     0.414 r  clk_IBUF_inst/O
                         net (fo=1, routed)           0.685     1.099    clk_IBUF
    BUFGCTRL_X0Y0        BUFG (Prop_bufg_I_O)         0.029     1.128 r  clk_IBUF_BUFG_inst/O
                         net (fo=32, routed)          0.861     1.989    clk_IBUF_BUFG
    SLICE_X63Y61         FDPE                                         r  bit_ptr_reg[2]/C

Slack:                    inf
  Source:                 reset
                            (input port)
  Destination:            bit_ptr_reg[3]/PRE
                            (removal check against rising-edge clock sys_clk_pin  {rise@0.000ns fall@5.000ns period=10.000ns})
  Path Group:             (none)
  Path Type:              Removal (Min at Fast Process Corner)
  Data Path Delay:        2.239ns  (logic 0.210ns (9.357%)  route 2.030ns (90.643%))
  Logic Levels:           1  (IBUF=1)
  Clock Path Skew:        1.989ns (DCD - SCD - CPR)
    Destination Clock Delay (DCD):    1.989ns
    Source Clock Delay      (SCD):    0.000ns
    Clock Pessimism Removal (CPR):    -0.000ns

    Location             Delay type                Incr(ns)  Path(ns)    Netlist Resource(s)
  -------------------------------------------------------------------    -------------------
    U18                                               0.000     0.000 f  reset (IN)
                         net (fo=0)                   0.000     0.000    reset
    U18                  IBUF (Prop_ibuf_I_O)         0.210     0.210 f  reset_IBUF_inst/O
                         net (fo=32, routed)          2.030     2.239    reset_IBUF
    SLICE_X63Y61         FDPE                                         f  bit_ptr_reg[3]/PRE
  -------------------------------------------------------------------    -------------------

                         (clock sys_clk_pin rise edge)
                                                      0.000     0.000 r  
    W5                                                0.000     0.000 r  clk (IN)
                         net (fo=0)                   0.000     0.000    clk
    W5                   IBUF (Prop_ibuf_I_O)         0.414     0.414 r  clk_IBUF_inst/O
                         net (fo=1, routed)           0.685     1.099    clk_IBUF
    BUFGCTRL_X0Y0        BUFG (Prop_bufg_I_O)         0.029     1.128 r  clk_IBUF_BUFG_inst/O
                         net (fo=32, routed)          0.861     1.989    clk_IBUF_BUFG
    SLICE_X63Y61         FDPE                                         r  bit_ptr_reg[3]/C

Slack:                    inf
  Source:                 reset
                            (input port)
  Destination:            bit_ptr_reg[0]/PRE
                            (removal check against rising-edge clock sys_clk_pin  {rise@0.000ns fall@5.000ns period=10.000ns})
  Path Group:             (none)
  Path Type:              Removal (Min at Fast Process Corner)
  Data Path Delay:        2.244ns  (logic 0.210ns (9.339%)  route 2.034ns (90.661%))
  Logic Levels:           1  (IBUF=1)
  Clock Path Skew:        1.989ns (DCD - SCD - CPR)
    Destination Clock Delay (DCD):    1.989ns
    Source Clock Delay      (SCD):    0.000ns
    Clock Pessimism Removal (CPR):    -0.000ns

    Location             Delay type                Incr(ns)  Path(ns)    Netlist Resource(s)
  -------------------------------------------------------------------    -------------------
    U18                                               0.000     0.000 f  reset (IN)
                         net (fo=0)                   0.000     0.000    reset
    U18                  IBUF (Prop_ibuf_I_O)         0.210     0.210 f  reset_IBUF_inst/O
                         net (fo=32, routed)          2.034     2.244    reset_IBUF
    SLICE_X62Y61         FDPE                                         f  bit_ptr_reg[0]/PRE
  -------------------------------------------------------------------    -------------------

                         (clock sys_clk_pin rise edge)
                                                      0.000     0.000 r  
    W5                                                0.000     0.000 r  clk (IN)
                         net (fo=0)                   0.000     0.000    clk
    W5                   IBUF (Prop_ibuf_I_O)         0.414     0.414 r  clk_IBUF_inst/O
                         net (fo=1, routed)           0.685     1.099    clk_IBUF
    BUFGCTRL_X0Y0        BUFG (Prop_bufg_I_O)         0.029     1.128 r  clk_IBUF_BUFG_inst/O
                         net (fo=32, routed)          0.861     1.989    clk_IBUF_BUFG
    SLICE_X62Y61         FDPE                                         r  bit_ptr_reg[0]/C

Slack:                    inf
  Source:                 reset
                            (input port)
  Destination:            bit_ptr_reg[1]/PRE
                            (removal check against rising-edge clock sys_clk_pin  {rise@0.000ns fall@5.000ns period=10.000ns})
  Path Group:             (none)
  Path Type:              Removal (Min at Fast Process Corner)
  Data Path Delay:        2.244ns  (logic 0.210ns (9.339%)  route 2.034ns (90.661%))
  Logic Levels:           1  (IBUF=1)
  Clock Path Skew:        1.989ns (DCD - SCD - CPR)
    Destination Clock Delay (DCD):    1.989ns
    Source Clock Delay      (SCD):    0.000ns
    Clock Pessimism Removal (CPR):    -0.000ns

    Location             Delay type                Incr(ns)  Path(ns)    Netlist Resource(s)
  -------------------------------------------------------------------    -------------------
    U18                                               0.000     0.000 f  reset (IN)
                         net (fo=0)                   0.000     0.000    reset
    U18                  IBUF (Prop_ibuf_I_O)         0.210     0.210 f  reset_IBUF_inst/O
                         net (fo=32, routed)          2.034     2.244    reset_IBUF
    SLICE_X62Y61         FDPE                                         f  bit_ptr_reg[1]/PRE
  -------------------------------------------------------------------    -------------------

                         (clock sys_clk_pin rise edge)
                                                      0.000     0.000 r  
    W5                                                0.000     0.000 r  clk (IN)
                         net (fo=0)                   0.000     0.000    clk
    W5                   IBUF (Prop_ibuf_I_O)         0.414     0.414 r  clk_IBUF_inst/O
                         net (fo=1, routed)           0.685     1.099    clk_IBUF
    BUFGCTRL_X0Y0        BUFG (Prop_bufg_I_O)         0.029     1.128 r  clk_IBUF_BUFG_inst/O
                         net (fo=32, routed)          0.861     1.989    clk_IBUF_BUFG
    SLICE_X62Y61         FDPE                                         r  bit_ptr_reg[1]/C

Slack:                    inf
  Source:                 reset
                            (input port)
  Destination:            tick_counter_reg[0]/CLR
                            (removal check against rising-edge clock sys_clk_pin  {rise@0.000ns fall@5.000ns period=10.000ns})
  Path Group:             (none)
  Path Type:              Removal (Min at Fast Process Corner)
  Data Path Delay:        2.437ns  (logic 0.210ns (8.596%)  route 2.228ns (91.404%))
  Logic Levels:           1  (IBUF=1)
  Clock Path Skew:        1.979ns (DCD - SCD - CPR)
    Destination Clock Delay (DCD):    1.979ns
    Source Clock Delay      (SCD):    0.000ns
    Clock Pessimism Removal (CPR):    -0.000ns

    Location             Delay type                Incr(ns)  Path(ns)    Netlist Resource(s)
  -------------------------------------------------------------------    -------------------
    U18                                               0.000     0.000 f  reset (IN)
                         net (fo=0)                   0.000     0.000    reset
    U18                  IBUF (Prop_ibuf_I_O)         0.210     0.210 f  reset_IBUF_inst/O
                         net (fo=32, routed)          2.228     2.437    reset_IBUF
    SLICE_X62Y71         FDCE                                         f  tick_counter_reg[0]/CLR
  -------------------------------------------------------------------    -------------------

                         (clock sys_clk_pin rise edge)
                                                      0.000     0.000 r  
    W5                                                0.000     0.000 r  clk (IN)
                         net (fo=0)                   0.000     0.000    clk
    W5                   IBUF (Prop_ibuf_I_O)         0.414     0.414 r  clk_IBUF_inst/O
                         net (fo=1, routed)           0.685     1.099    clk_IBUF
    BUFGCTRL_X0Y0        BUFG (Prop_bufg_I_O)         0.029     1.128 r  clk_IBUF_BUFG_inst/O
                         net (fo=32, routed)          0.851     1.979    clk_IBUF_BUFG
    SLICE_X62Y71         FDCE                                         r  tick_counter_reg[0]/C

Slack:                    inf
  Source:                 reset
                            (input port)
  Destination:            tick_counter_reg[1]/CLR
                            (removal check against rising-edge clock sys_clk_pin  {rise@0.000ns fall@5.000ns period=10.000ns})
  Path Group:             (none)
  Path Type:              Removal (Min at Fast Process Corner)
  Data Path Delay:        2.437ns  (logic 0.210ns (8.596%)  route 2.228ns (91.404%))
  Logic Levels:           1  (IBUF=1)
  Clock Path Skew:        1.979ns (DCD - SCD - CPR)
    Destination Clock Delay (DCD):    1.979ns
    Source Clock Delay      (SCD):    0.000ns
    Clock Pessimism Removal (CPR):    -0.000ns

    Location             Delay type                Incr(ns)  Path(ns)    Netlist Resource(s)
  -------------------------------------------------------------------    -------------------
    U18                                               0.000     0.000 f  reset (IN)
                         net (fo=0)                   0.000     0.000    reset
    U18                  IBUF (Prop_ibuf_I_O)         0.210     0.210 f  reset_IBUF_inst/O
                         net (fo=32, routed)          2.228     2.437    reset_IBUF
    SLICE_X62Y71         FDCE                                         f  tick_counter_reg[1]/CLR
  -------------------------------------------------------------------    -------------------

                         (clock sys_clk_pin rise edge)
                                                      0.000     0.000 r  
    W5                                                0.000     0.000 r  clk (IN)
                         net (fo=0)                   0.000     0.000    clk
    W5                   IBUF (Prop_ibuf_I_O)         0.414     0.414 r  clk_IBUF_inst/O
                         net (fo=1, routed)           0.685     1.099    clk_IBUF
    BUFGCTRL_X0Y0        BUFG (Prop_bufg_I_O)         0.029     1.128 r  clk_IBUF_BUFG_inst/O
                         net (fo=32, routed)          0.851     1.979    clk_IBUF_BUFG
    SLICE_X62Y71         FDCE                                         r  tick_counter_reg[1]/C

Slack:                    inf
  Source:                 reset
                            (input port)
  Destination:            tick_counter_reg[2]/CLR
                            (removal check against rising-edge clock sys_clk_pin  {rise@0.000ns fall@5.000ns period=10.000ns})
  Path Group:             (none)
  Path Type:              Removal (Min at Fast Process Corner)
  Data Path Delay:        2.437ns  (logic 0.210ns (8.596%)  route 2.228ns (91.404%))
  Logic Levels:           1  (IBUF=1)
  Clock Path Skew:        1.979ns (DCD - SCD - CPR)
    Destination Clock Delay (DCD):    1.979ns
    Source Clock Delay      (SCD):    0.000ns
    Clock Pessimism Removal (CPR):    -0.000ns

    Location             Delay type                Incr(ns)  Path(ns)    Netlist Resource(s)
  -------------------------------------------------------------------    -------------------
    U18                                               0.000     0.000 f  reset (IN)
                         net (fo=0)                   0.000     0.000    reset
    U18                  IBUF (Prop_ibuf_I_O)         0.210     0.210 f  reset_IBUF_inst/O
                         net (fo=32, routed)          2.228     2.437    reset_IBUF
    SLICE_X62Y71         FDCE                                         f  tick_counter_reg[2]/CLR
  -------------------------------------------------------------------    -------------------

                         (clock sys_clk_pin rise edge)
                                                      0.000     0.000 r  
    W5                                                0.000     0.000 r  clk (IN)
                         net (fo=0)                   0.000     0.000    clk
    W5                   IBUF (Prop_ibuf_I_O)         0.414     0.414 r  clk_IBUF_inst/O
                         net (fo=1, routed)           0.685     1.099    clk_IBUF
    BUFGCTRL_X0Y0        BUFG (Prop_bufg_I_O)         0.029     1.128 r  clk_IBUF_BUFG_inst/O
                         net (fo=32, routed)          0.851     1.979    clk_IBUF_BUFG
    SLICE_X62Y71         FDCE                                         r  tick_counter_reg[2]/C

Slack:                    inf
  Source:                 reset
                            (input port)
  Destination:            tick_counter_reg[3]/CLR
                            (removal check against rising-edge clock sys_clk_pin  {rise@0.000ns fall@5.000ns period=10.000ns})
  Path Group:             (none)
  Path Type:              Removal (Min at Fast Process Corner)
  Data Path Delay:        2.437ns  (logic 0.210ns (8.596%)  route 2.228ns (91.404%))
  Logic Levels:           1  (IBUF=1)
  Clock Path Skew:        1.979ns (DCD - SCD - CPR)
    Destination Clock Delay (DCD):    1.979ns
    Source Clock Delay      (SCD):    0.000ns
    Clock Pessimism Removal (CPR):    -0.000ns

    Location             Delay type                Incr(ns)  Path(ns)    Netlist Resource(s)
  -------------------------------------------------------------------    -------------------
    U18                                               0.000     0.000 f  reset (IN)
                         net (fo=0)                   0.000     0.000    reset
    U18                  IBUF (Prop_ibuf_I_O)         0.210     0.210 f  reset_IBUF_inst/O
                         net (fo=32, routed)          2.228     2.437    reset_IBUF
    SLICE_X62Y71         FDCE                                         f  tick_counter_reg[3]/CLR
  -------------------------------------------------------------------    -------------------

                         (clock sys_clk_pin rise edge)
                                                      0.000     0.000 r  
    W5                                                0.000     0.000 r  clk (IN)
                         net (fo=0)                   0.000     0.000    clk
    W5                   IBUF (Prop_ibuf_I_O)         0.414     0.414 r  clk_IBUF_inst/O
                         net (fo=1, routed)           0.685     1.099    clk_IBUF
    BUFGCTRL_X0Y0        BUFG (Prop_bufg_I_O)         0.029     1.128 r  clk_IBUF_BUFG_inst/O
                         net (fo=32, routed)          0.851     1.979    clk_IBUF_BUFG
    SLICE_X62Y71         FDCE                                         r  tick_counter_reg[3]/C





